ID,Notes,Attachments,Front,Weapon,Type 2 ,Name1,Name2,Squadron,Location,Description,Fate
1,"October 6, 1973",Skyhawk,Syria,SA6,A -4H Ayit 187,Capt. Eitan Hanan,Capt. Eitan Hanan,109 sqn,Birket Ram,"Shot down by Syrian SA -6, pilot killed. First IAF jet downed during Yom Kippur War",kia
2,"October 6, 1973",Skyhawk,Syria,SA2,A -4E Ayit 235,Lt. Yanki Yardeni,Lt. Yanki Yardeni,110 sqn,Hermon area,"Shot down by Syrian SA -2, pilot ejected above Israeli -held territory and was rescued",ok
3,"October 6, 1973",Skyhawk,Egypt,54-7,A -4H Ayit 54,ishay Katziri,ishay Katziri,102 sqn,N sector of Suez Canal,"Shot down by Egyptian 54-7, pilot ejected over salt swamp and was captured",pow
4,"October 6, 1973",Skyhawk,Egypt,SAM,A -4H Ayit 24,Matti Carp,Matti Carp,102 sqn,N of Great Bitter Lake,"Shot down by Egyptian SAM, pilot ejected above Israeli -held territory and was rescued",ok
5,"October 6, 1973",Skyhawk,Egypt,SAM,A -4H Ayit 64,Lt. Ehud Sadan,Lt. Ehud Sadan,102 sqn,El Qantara,"Shot down by Egyptian SAM in 18:30, pilot was killed",kia
6,"October 6, 1973",Skyhawk,Egypt,SA6,F -4E Kurnass 124,"Capt. Yis'sachar Naveh, Lt. David Zilberman","Capt. Yis'sachar Naveh, Lt. David Zilberman",119 sqn,Hatzerim,"Night bombing of bridges, hit by SA -6 over Ismailia, crashed at landing in Hatzerim. Both crew members were killed.",kia
7,"October 7, 1973",Skyhawk,Syria,SAM,A -4H Ayit 753,Capt. Zvi Horovitz,Capt. Zvi Horovitz,102 sqn,Golan heights,Shot down by Syrian SAM,kia
8,"October 7, 1973",Skyhawk,Syria,SAM,A -4E Ayit 255,Capt. Rafael Lev,Capt. Rafael Lev,110 sqn,Golan heights,Shot down by Syrian SAM during CAS mission,kia
9,"October 7, 1973",Skyhawk,Egypt,SAM,A -4N Ayit 312,Maj. Shimon Ash,Maj. Shimon Ash,115 sqn,N of Ismailia,"Shot down by Egyptian SAM during operation ""Challenge 4""",mia
10,"October 7, 1973",Skyhawk,Egypt,SAM,A -4H Ayit 68,Maj. Libby Doller,Maj. Libby Doller,102 sqn,Suez Canal area,"Shot down by Egyptian SAM during operation ""Challenge 4""",kia
11,"October 7, 1973",Skyhawk,Syria,AAA,A -4E Ayit 211,Amnon Shamir,Amnon Shamir,116 sqn,W of Kuneitra,Shot down by Syrian AAA at 8:30 during CAS mission,ok
12,"October 7, 1973",Skyhawk,Egypt,SAM,A -4H Ayit 760,Capt. Shai Avital,Capt. Shai Avital,102 sqn,Suez Canal area,Shot down by Egyptian SAM,kia
13,"October 7, 1973",Skyhawk,Egypt,AAA,A -4H Ayit 34,Capt. Yoram Lapidot,Capt. Yoram Lapidot,109 sqn,Ash-Shallufa,Shot down by Egyptian ZSU-23-4,kia
14,"October 7, 1973",Skyhawk,Egypt,SAM,A -4E Ayit 267,Capt. Moshe Ostraicher,Capt. Moshe Ostraicher,110 sqn,Port Said area,Shot down by Egyptian SAM,kia
15,"October 7, 1973",Skyhawk,Egypt,SAM,A -4E Ayit 239,Capt. Levi Bar-Ziv,Capt. Levi Bar-Ziv,110 sqn,Great Bitter Lake,Shot down by Egyptian SAM,kia
16,"October 7, 1973",Skyhawk,Syria,AAA,A -4N Ayit 361,Capt. Israel Rozenblum,Capt. Israel Rozenblum,115 sqn,N of Tel Faris,Shot down by Syrian AAA,kia
17,"October 7, 1973",F-4 Phantom,Syria,accident,F -4E Kurnass,"Lt.Col. Ehud Hankin, Maj. Shaul Levi","Lt.Col. Ehud Hankin, Maj. Shaul Levi",69 sqn,Golan heights,"Shot down by Syrian 54-6 during operation ""Model 5""","kia, kia"
18,"October 7, 1973",F-4 Phantom,Syria,AAA,F -4E Kurnass 192,"Lt. Avraham Barber, Zvi Afik","Lt. Avraham Barber, Zvi Afik",119 sqn,Golan heights,"Shot down by Syrian 54-6 during operation ""Model 5""","pow, pow"
19,"October 7, 1973",F-4 Phantom,Syria,AAA,F -4E Kurnass 621,"Capt. Uri Shahak, 2-nd Lt. Gilad Gerber","Capt. Uri Shahak, 2-nd Lt. Gilad Gerber",201 sqn,Nawa village,"Shot down by Syrian 54-6 during operation ""Model 5""","pow, pow"
20,"October 7, 1973",F-4 Phantom,Syria,54-6,F -4E Kurnass 645,"Mein Shani, 2-nd Lt. Abraham Ashael","Mein Shani, 2-nd Lt. Abraham Ashael",201 sqn,SW of Tel -Faris,"Shot down by Syrian 54-6 during operation ""Model 5""","pow, pow"
21,"October 7, 1973",F-4 Phantom,Syria,SA6,F -4E Kurnass 661,"Chaim Ram, Lt. Yitzhak Yahav","Chaim Ram, Lt. Yitzhak Yahav",201 sqn,Golan heights,"Shot down by Syrian SA -6 during operation ""Model 5""","pow, pow"
22,"October 7, 1973",F-4 Phantom,Syria,AAA,F -4E Kurnass 682,"Kobi Hayon, Uzi Shamir","Kobi Hayon, Uzi Shamir",201 sqn,Safad,"Shot down by Syrian ZSU-23-4 during operation ""Model 5"", crew ejected above Israeli -held territory and was rescued","ok, ok"
23,"October 7, 1973",F-4 Phantom,Egypt,,F -4E Kurnass 177,"Capt. Aminadav Alkalay, Yehoshoa Wolfson","Capt. Aminadav Alkalay, Yehoshoa Wolfson",69 sqn,Suez Canal area,Shot down during bombing of the pontoon bridge,"pow, pow"
24,"October 7, 1973",F-4 Phantom,Syria,SAM,F -4E Kurnass 03,"Eitan Levi, David","Eitan Levi, David",69 sqn,Golan heights,"Shot down by Syrian SAM, crew ejected safely","ok, ok"
25,"October 7, 1973",Mirage,Syria,MiG-21,Mirage Illcj 6632,Capt. Ami Lahav,Capt. Ami Lahav,117 sqn,Hermon area,Shot down by Syrian MiG-21,kia
26,"October 7, 1973",Super Mystère,Syria,AAA,SMB.2 Sa'ar,Capt. Doron Smadar,Capt. Doron Smadar,105 sqn,SW Tel -Faris,Shot down by Syrian AAA,kia
27,"October 7, 1973",Super Mystère,Egypt,AAA,SMB.2 Sa'ar,Capt. Itshak Kaidar,Capt. Itshak Kaidar,105 sqn,Suez sity,"Shot down by Egyptian AAA, Suez bombing of bridges",kia
28,"October 7, 1973",Super Mystère,Accident,Accident,SMB.2 Sa'ar 13,Aviram Cohen,Aviram Cohen,105 sqn,Hazor air base,Take -off accident,inj
29,"October 7, 1973",Super Mystère,Egypt,AAA,SMB.2 Sa'ar,Lt. Eli Gor,Lt. Eli Gor,105 sqn,,Shot down by Egyptian AAA,pow
30,"October 8, 1973",Skyhawk,Syria,AAA,A -4E Ayit 226,Lobashevsky,Lobashevsky,110 sqn,Golan heights,"Shot down by Syrian AAA, pilot ejected",ok
31,"October 8, 1973",Skyhawk,Egypt,SA6,A -4N Ayit 366,Lt. Zvi Rosen,Lt. Zvi Rosen,115 sqn,N Suez City,Shot down by Egyptian SA -6,pow
32,"October 8, 1973",Skyhawk,Egypt,SAM,A -4N Ayit 363,Capt. Zvika Bashan,Capt. Zvika Bashan,115 sqn,Chinese Ranch,Shot down by Egyptian SAM,kia
33,"October 8, 1973",Skyhawk,Egypt,SA7,A -4H Ayit 04,Schwager,Schwager,102 sqn,,Shot down by Egyptian SA -7,ok
34,"October 8, 1973",Skyhawk,Egypt,AAA,TA -4 Ayit 46,Capt. Gideon Ben,Capt. Gideon Ben,102 sqn,Suez,Shot down by Egyptian AAA,kia
35,"October 8, 1973",F-4 Phantom,Egypt,54-6,F -4E Kurnass 245,"Maj. Amitzai Zvulun, Capt. Yogev Ze'ev","Maj. Amitzai Zvulun, Capt. Yogev Ze'ev",69 sqn,Bitter Lake,Shot down by Egyptian 54-6 on the 7/8 october night BAI mission against a Suez Canal bridge,kia
36,"October 8, 1973",F-4 Phantom,Syria,MiG-21,F -4E Kurnass,"Lt. Yoram Shahar, Gur Israeli","Lt. Yoram Shahar, Gur Israeli",69 sqn,Damascus - Dmeir,Shot down by Syrian MiG-21 7:30 a.m.,"pow, pow"
37,"October 8, 1973",F-4 Phantom,Egypt,SA6,F -4E,"Maj. Uri Shani, 2ndLt. Dror Jaffe","Maj. Uri Shani, 2ndLt. Dror Jaffe",201 sqn,Firdan area,Shot down by Egyptian SA -6 night attack,"kia, kia"
38,"October 8, 1973",F-4 Phantom,Egypt,AAA,F -4E Kurnass 247,"Mai. Michael Dvir, Capt. Shabtai Ben-Shu'a","Mai. Michael Dvir, Capt. Shabtai Ben-Shu'a",69 sqn,Bitter Lake,"Shot down by Egyptian AAA on the 8/9 october night BAI mission, against a Suez Canal bridge,crew recovered by helicopter","ok, ok"
39,"October 8, 1973",Nesher,Egypt,MiG-21,Nesher 593,Maj. Eitan Carmi,Maj. Eitan Carmi,101 sqn,Port Said,Shot down by an Egyptian MiG-21MF ( 46 sqn 104 AB),ok
40,"October 9, 1973",Skyhawk,Egypt,AAA,A -4H Ayit 90,Kadmon,Kadmon,102 sqn,,Shot down by Egyptian AAA,ok
41,"October 9, 1973",Skyhawk,Syria,SAM,A -4E Ayit 245,Lt. Gideon Sharon,Lt. Gideon Sharon,110 sqn,,Shot down by Syrian SAM,ok
42,"October 9, 1973",Skyhawk,Egypt,,A -4E Ayit 218,Col. Lev Arlozor,Col. Lev Arlozor,110 sqn,S Port Said,Pilot incapacitated,kia
43,"October 9, 1973",Skyhawk,Egypt,SA3,A -4E Ayit 229,Lt.Col. Ehud Shelach,Lt.Col. Ehud Shelach,116 sqn,Kantara,Shot down by Egyptian SA -3,kia
44,"October 9, 1973",Skyhawk,Egypt,AAA or SA7,A -4E Ayit 211,Lt. Yaniv Nitaly,Lt. Yaniv Nitaly,116 sqn,Kantara,Shot down by Egyptian AAA or SA -7,kia
45,"October 9, 1973",Skyhawk,Egypt,SA6,A -4N Ayit 398,Maj. Mario Shaked,Maj. Mario Shaked,115 sqn,Deversoir,Shot down by Egyptian SA -6,kia
46,"October 9, 1973",Skyhawk,Egypt,54-7,A -4E Ayit 204,Assaf Matos,Assaf Matos,116 sqn,Ballah,Shot down by Egyptian 54-7 at 3500ft 400knots,pow
47,"October 9, 1973",Skyhawk,Egypt,AAA,A -4H Ayit 750,Amon Gardi,Amon Gardi,102 sqn,,Shot down by Egyptian AAA,pow
48,"October 9, 1973",Skyhawk,Egypt,AAA,A -4H Ayit 766,Capt. Pedro Reinberg,Capt. Pedro Reinberg,102 sqn,,Shot down by Egyptian AAA,pow
49,"October 9, 1973",F-4 Phantom,,Accident,F -4E Kurnass 215,"Sen.Lt. Yoram Peled, Jabal Marara","Sen.Lt. Yoram Peled, Jabal Marara",107 sqn,,"Lost hudraylic system and crashed, both pilots ejected safely",ok
50,"October 9, 1973",F-4 Phantom,Syria,SA6,F -4E Kurnass 114,"Capt. Dov Shafir, Lt. Yaaov Yaacob","Capt. Dov Shafir, Lt. Yaaov Yaacob",119 sqn,Damascus GHQ,Shot down by Syrian SA -6,"kia, pow"
51,"October 9, 1973",F-4 Phantom,Egypt,,F -4E Kurnass 181,"Har'el Gilutz, Yosef Ye'ari","Har'el Gilutz, Yosef Ye'ari",107 sqn,Gulf of Suez,"Hit in Kotamiya raid, crew ejected over gulf and was rescued by helicopter","ok, ok"
52,"October 9, 1973",Mirage,Syria,MiG-21,Mirage Illcj 6625,Lt. Zvika Vered,Lt. Zvika Vered,117 sqn,Tel Kudna,Shot down by Syrian MiG-21 15:30,pow
53,"October 10, 1973",Skyhawk,Syria,SAM,A -4H Ayit 65,Capt. Yehuda Ben -An,Capt. Yehuda Ben -An,109 sqn,Quneitra,Shot down by Syrian SAM,kia
54,"October 10, 1973",Nesher,Egypt,AAA,Nesher 9006,Amos Shachar,Amos Shachar,117 sqn,,Shot down by Egyptian AAA,ok
55,"October 10, 1973",Mirage,Syria,MiG-21,Mirage Ilicj 778,Maj. Eitan Carmi,Maj. Eitan Carmi,101 sqn,Zebadani,Shot down by SyAF MiG-21 Sen.Lt. Kama! Abu Heira (Nasrie AB),ok
56,"October 11, 1973",Skyhawk,Syria,SA6,A -4N Ayit 322,Capt. Yitzhak Ofer,Capt. Yitzhak Ofer,115 sqn,Quneitra,Shot down by Syrian SA -6,kia
57,"October 11, 1973",Skyhawk,Syria,SA6,A -4N Ayit 378,Lt. Michael Shneider,Lt. Michael Shneider,115 sqn,Quneitra,Shot down by Syrian SA -6,pow
58,"October 11, 1973",Skyhawk,Syria,SAM,A -4H Ayit 58,Lt. Ze'ev Nesher,Lt. Ze'ev Nesher,102 sqn,5km NE Hermon,Shot down by Syrian SAM,pow
59,"October 11, 1973",Skyhawk,Syria,SA6,A -4E Ayit 241,Lt. Noah Hertz,Lt. Noah Hertz,116 sqn,E Quneitra,Shot down by Syrian SA -6 at 12:00,pow
60,"October 11, 1973",Skyhawk,Syria,SAM,A -4H Ayit 83,Lt. Amiram Guy,Lt. Amiram Guy,102 sqn,Golan heights,Shot down by Syrian SAM,pow
61,"October 11, 1973",Skyhawk,Syria,SAM,A -4H Ayit 08,Tron,Tron,102 sqn,,Shot down by Syrian SAM,pow
62,"October 11, 1973",F-4 Phantom,Egypt,MiG-21,F -4E Kurnass 673,"Capt. Yonathan Ophir, Capt. Aran Cohen","Capt. Yonathan Ophir, Capt. Aran Cohen",201 sqn,Banha bridge,Shot down by EAF MiG-21 Capt.Medhat Labib Sadik,"kia, kia"
63,"October 11, 1973",F-4 Phantom,Egypt,MiG-21,F -4E Kurnass 640,"Kobi Hayon, Uri Arad","Kobi Hayon, Uri Arad",201 sqn,Banha bridge,Shot down by Egyptian MiG-21MF (44 sqn 104 AB pilot Maj.ismail Hasan Imam),"pow, pow"
64,"October 11, 1973",F-4 Phantom,Lebanon,AAA,F -4E Kurnass,"Lt.Col. Amnon Arad, Lt. Israel Primor","Lt.Col. Amnon Arad, Lt. Israel Primor",69 sqn,Mount Hermon area,Shot down by Lebanese AAA (Fatah) after Han-Auesh fuel deport strike,"pow, pow"
65,"October 11, 1973",Dornier Do 27,Syria,SAM,Do -27Q Dror,Capt. Yaacov Bitzur,Capt. Yaacov Bitzur,100 sqn,Ahmadia intersection,"Shot down by Syrian SAM, pilot and two observers were killed",kia +2
66,"October 11, 1973",Super Mystère,Syria,AAA,SMB.2 Sa'ar,Lt. Lipsich,Lt. Lipsich,105 sqn,Tel -Shams,Shot down by Syrian AAA,ok
67,"October 11, 1973",Bell 205,Syria,AAA,Bell 205 Anafa 077,"Avner Cohen, Lt.Gadi Klein","Avner Cohen, Lt.Gadi Klein",124 sqn,South from Utais,Shot down by Syrian AAA,1 kia
68,"October 12, 1973",Skyhawk,Syria,SA3,A -4H Ayit 27,Maj.lsrael Baster-Bar,Maj.lsrael Baster-Bar,109 sqn,Khan -a -Sheik,Shot down by Syrian SA -3,kia
69,"October 12, 1973",Skyhawk,Syria,SA6,A -4E Ayit 257,Dov Peleg,Dov Peleg,110 sqn,,"Hit by Syrian SA -6, pilot ejected over Israel at 14:10",ok
70,"October 12, 1973",F-4 Phantom,Lebanon,AAA,F -4E Kurnass 90,"Moshe Koren, Nimrod","Moshe Koren, Nimrod",201 sqn,,"Damaged by Lebanese AAA, crew ejected over Israel",
71,"October 12, 1973",F-4 Phantom,Egypt,MiG-21,F -4E Kurnass 151,"Mal. Ran Goren, Micha Oren","Mal. Ran Goren, Micha Oren",107 sqn,Elmaza - Damascus,"Shot down by EAF MiG-21?, ejected over israeli terretory","ok, ok"
72,"October 12, 1973",Mirage,Syria,MiG-21,Mirage Illcj 785,Capt. Amichai Roke'ach,Capt. Amichai Roke'ach,117 sqn,Kutna,Shot down by SyAF MiG-21MF 10 a.m.,pow
73,"October 12, 1973",Mirage,Israel,Accident,Mirage ilicj 19,Shuki Sheffer,Shuki Sheffer,101 sqn,,"Taking off accident, damaged and w/o",ok
74,"October 12, 1973",Sikorsky,Egypt,SAM,CH -53 Yas'ur,"Capt. David Magal, Lt.Eliezer Nahlon","Capt. David Magal, Lt.Eliezer Nahlon",118 sqn,N Umm-Hushiba,Shot down by Egyptian SAM,"5 kia, 2 ok"
75,"October 13, 1973",Skyhawk,Egypt,SA2,TA -4 Ayit 743,"Lt. Ran Ofri, Maj. Yehuda Shefer","Lt. Ran Ofri, Maj. Yehuda Shefer",102 sqn,Jneifeh,Shot down by Egyptian SA -2,"kia, ok"
76,"October 13, 1973",Skyhawk,Syria,SAM,TA -4 Ayit 67,Capt. Gavriel Gerzon,Capt. Gavriel Gerzon,102 sqn,Shot down by Syrian SAM,pow,
77,"October 13, 1973",Skyhawk,Egypt,SAM,A -4H Ayit 01,Arad,Arad,109 sqn,,Shot down by Egyptian SAM,ok
78,"October 13, 1973",F-4 Phantom,Syria,AAA,F -4E Kurnass 618,"Adi Benaya, David Vain","Adi Benaya, David Vain",201 sqn,Elmaza - Damascus,"Shot down 57 -mm AA, crew ejected over Mediterranian sea","ok, ok"
79,"October 13, 1973",F-4 Phantom,Syria,Accident,F--4E Kurnass 697,"Lt.Col. Iftach Zemer, ltzhak Amitai","Lt.Col. Iftach Zemer, ltzhak Amitai",201 sqn,Elmaza - Damascus,"hydraulic -failure, crew ejected over israeli terretory","inj, ok"
80,"October 13, 1973",Mirage,Syria,MiG-21 or SA -3,"Mirage, ilicj, 85",Lt.Col. Avraham Lanir,Lt.Col. Avraham Lanir,101 sqn,Belt Jann,Shot down by SyAF MiG-21 or SA -3,pow
81,"October 14, 1973",F-4 Phantom,Egypt,MiG-21,F-4E,"Capt. David Zeit, Eli Tovel","Capt. David Zeit, Eli Tovel",69 sqn,Tanta,Shot down by EAF MiG-21 Qadri abd Elhamid,"ok, ok"
82,"October 14, 1973",F-4 Phantom,Israel,Friendly fire,F--4E Kurnass 176,"Uri Bakal, Gilad Rosenblat","Uri Bakal, Gilad Rosenblat",107 sqn,Mediterrenian sea,"Friendly fire incident. Shot down by IAF Nesher (Yair Sela). Crew, ejected over Mediterranian sea and was rescued by helicopter",ok
83,"October 15, 1973",Skyhawk,Syria,AAA,A -4H Ayit,Raviv,Raviv,109 sqn,Atlit,Shot down by Syrian AAA,ok
84,"October 15, 1973",Skyhawk,Syria,AAA,A -4H Ayit 52,Lt. Gavriel Sa'ar,Lt. Gavriel Sa'ar,109 sqn,Umm Butna,"Shot down by Syrian AAA, S Quneitra",kia
85,"October 15, 1973",F-4 Phantom,Egypt,SA2,F -4E Kurnass 160,"Capt. Binyamin Livneh, Lt.Rahamim Sofer","Capt. Binyamin Livneh, Lt.Rahamim Sofer",119 sqn,S Tanta,Shot down by Egyptian SA -2,"pow, kia"
86,"October 16, 1973",Skyhawk,Egypt,AAA,A -4H Ayit 751,Capt. Menachem Eyal,Capt. Menachem Eyal,102 sqn,Chinese Ranch,Shot down by Egyptian AAA,kia
87,"October 16, 1973",Nesher,Egypt,MiG-17,Nesher 536,Capt. Menachem Kashtan,Capt. Menachem Kashtan,113 sqn,Deversoir,Shot down by Egyptian MiG-17F,kia
88,"October 17, 1973",Skyhawk,Egypt,AAA,A -4E Ayit 222,Capt. Maoz Poraz,Capt. Maoz Poraz,110 sqn,Lake Timsah,Shot down by Egyptian AAA,kia
89,"October 17, 1973",Skyhawk,Egypt,AAA,A -4H Ayit 59,Shoham,Shoham,102 sqn,Deversoir,Shot down by Egyptian AAA,ok
90,"October 17, 1973",F-4 Phantom,Egypt,SA3,F -4E Kurnass 620,"Mal. Gad Samok, Cpt. Baruch Golan","Mal. Gad Samok, Cpt. Baruch Golan",201 sqn,S ismailiya,Shot down by Egyptian SA -3,"mia, mia"
91,"October 17, 1973",Mirage,Syria,MiG-21,Mirage ilicj 14,Lt. Eliezer Adar,Lt. Eliezer Adar,117 sqn,S Beirut,"Fuel starvation, after air combat with Syrian MiG-21",ok
92,"October 17, 1973",Super Mystère,Egypt,SA6,SMB.2,Capt.Hagai Tamir,Capt.Hagai Tamir,105 sqn,Televisia,Shot down by Egyptian SA -6,ok
93,"October 17, 1973",Bell 205,Egypt,AAA,Bell 205 Anafa,"Capt. Max Marom, 1stLt. Ra'anan Elran","Capt. Max Marom, 1stLt. Ra'anan Elran",123 sqn,Chinese Ranch,Shot down by Egyptian AA,"3 kia, pow"
94,"October 18, 1973",Skyhawk,Egypt,SA2,A -4H Ayit 99,Capt. Gershon Reshef,Capt. Gershon Reshef,109 sqn,Kantara,Shot down by Egyptian SA -2,kia
95,"October 18, 1973",Skyhawk,Egypt,SA6,A -4E Ayit 253,Lt. Gideon Sharon,Lt. Gideon Sharon,110 sqn,Kantara,Shot down by Egyptian SA -6,pow
96,"October 18, 1973",Skyhawk,Egypt,SAM,A -4H,Lt. Haim Gofen,Lt. Haim Gofen,110 sqn,Ramat -David,"Damaged by Egyptian SAM, pilot ejected over Israel",ok
97,"October 18, 1973",Skyhawk,Egypt,SAM,A -4H Ayit 03,Lt. Jacob Kubik,Lt. Jacob Kubik,109 sqn,,Shot down by Egyptian SAM,ok
98,"October 18, 1973",F-4 Phantom,Egypt,SEAD,F -4E Kurnass 716,"Lt.Col. Gun Palter, Lt. Yitzhak Baram","Lt.Col. Gun Palter, Lt. Yitzhak Baram",201 sqn,Port Said 3km,SEAD,"pow, pow"
99,"October 18, 1973",F-4 Phantom,Egypt,SEAD,F -4E Kurnass 635,"Lt. Doron Shalev, 1st Lt. Yosef Lev-Ari","Lt. Doron Shalev, 1st Lt. Yosef Lev-Ari",201 sqn,Port Said,SEAD,"pow, pow"
100,"October 20, 1973",F-4 Phantom,Egypt,MiG-21,F -4E Kurnass 231,"David Zait, Yoram Rubinstein","David Zait, Yoram Rubinstein",69 sqn,Sinai,Shot down by MiG-21 in Kotamiya AB attak,"pow, pow"
101,"October 20, 1973",F-4 Phantom,Egypt,SAM,F -4E Kurnass 142,"Aharon Sagi, Moshe Bartov","Aharon Sagi, Moshe Bartov",119 sqn,Suez,Shot down by Egyptian SAM in Kotamiya,"ok, ok"
102,"October 20, 1973",Nesher,Egypt,MiG-21,Nesher 531,Mickey Katz,Mickey Katz,101 sqn,Deversoir,Shot down by EAF MiG-21 26sqn 102 AB Dia el-Hefnawy,ok
103,"October 21, 1973",Skyhawk,Syria,AAA,A -4H Ayit 69,Lt. Eitan Lahav,Lt. Eitan Lahav,109 sqn,"Mount Hermon, Nahal Sion",Shot down by Syrian AAA,kia
104,"October 21, 1973",F-4 Phantom,Syria,MiG-21,F -4E,"2nd Lt. Yitamar Barnes, Capt.Gil Haran","2nd Lt. Yitamar Barnes, Capt.Gil Haran",201 sqn,el-Mezze,Shot down by SyAF MiG-21MF Capt. Muhammed Ahmedi,"pow, kia"
105,"October 21, 1973",Nesher,Egypt,MiG-21,Nesher 576,Yehoshoa Sheffer,Yehoshoa Sheffer,101 sqn,4 KM west o,Shot down by EAF MiG-21 102 AB Nabil Shouakri,ok
106,"October 22, 1973",Dornier Do 27,Egypt,SAM,Do.28 Agur 16,"1stLt.Ran Mather Rosen, Shmuel Har'el","1stLt.Ran Mather Rosen, Shmuel Har'el",100 sqn,37km N Ras Sudan,"Shot down by Egyptian SAM, three crew members vere captured by Egyptian forces",pow 3
107,"October 24, 1973",Sikorsky,Egypt,SA7,CH -53 Yas'ur,"Capt. Ofer Eyal, Lt.Meiron Granot","Capt. Ofer Eyal, Lt.Meiron Granot",118 sqn,N Port Tawfik,Was shot down by Egyptian SA -7 while conducting a medevac mission,24 kia
108,"October 26, 1973",Bell 205,Syria,Accident,Bell 205 Anafa,?,?,124 sqn,Mount Hermon,"Hit the ground, resulting in crew injuries",ok