Unit,Affiliation,Audio-video,Battalion,Bibliography Attachment,Book,Brigade,Command,Company,Competing Units,Date,Date Dissolved,Designation - Primary,Designation Secondary,Dissolve Trigger,Division,Duration of Service,Fate,Final Affiliation,Formation Date,Formation Trigger,HEBREW,IDF INDIVIDUALS,Individuals Glossary copy,Individuals1,Individuals2,Inspired by,Level of Conflict,Location,Number of Soldiers Formed,Number of Soldiers Later,Operational Attributes,Operations,Organizational Attributes,Predecessor,Predecessor Unit,Prestige,Prestige Cultivation,Profession,Reference,Reference 1,References,Regional Command,Role,Selection,Size,Size Formed,Sub-Unit,Successor,Successor Unit,TOC,Tactics,Tags,Training,Training Attributes,URL,Unit 1,Vehicles,Wars and Operations,Weapons,"Year Disbanded ",Year Established,כותרת אנליטית
Reconnaissance Company 679,Armor,,,,,,North,,,,,,,,,,,,,,"פלס""ר חטיבת 679 מילואים",,,,,,,,,,,,,Reconnaissance Company 679,,,,,,,,,Armor Reconnaissance,,,,,Reconnaissance Company 679,,,,,,,,,,,,0,1970,
Yagal,"Police, YAMAS",,,,,,,,,,,,,,,,,,,,"יג""ל",,,,,,,,,,,,,,,,,,,,,,,,,,,,,,,,,,,,,,,,2000,
Defensive Divers 707,Navy,,,,,,Navy,,,,,עבודות תת מימיות בעלות אופן טכני,"החל משנת 1965  פעילות בט""ש ביחד עם סיירת שקד ועם גולני, תחרות עם שייטת 13",בהנהגת שאול זיו היחידה לקחה על עצמה תפקידים התקפיים הוגדרה כיחידת פשיטה. ולא הייתה עוד הצדקה להפרדה משייטת 13,,,,,,הסרת נטל הצלילה ההגנתית מהשייטת,צוללים הגנתיים 707 בהמשך יחידה לחבלה ימית,Edmond Wilhelm Brillant (https://www.notion.so/Edmond-Wilhelm-Brillant-dd75ccdf151c466a80484a3ecc82048e?pvs=21),," אדמונד וילהלם ברילנט","שאול זיו, נדב קלע, דב בר, יוסי דר, איתמר שחם",,נמוכה,,,,,,,Flotilla 13,"יחידת האמודאים, מספנות חיל הים ומדור בקרת נזקים",,הניסיון להעביר לוחמי שייטת ליחידה נתפש כפחיתות כבוד,,,,,,Defensive Diving,חיילים שלא השלימו מסלול בשייטת 13 ולאחר מכן גיוס ישיר,,יחידה קטנה בת שבעה עשר לוחמים ששילבה חיילים סדירים ואנשי קבע,,"Flotilla 13, Yaltam Underwater Missions","שייטת 13 ילת""ם",,,,,,,,,,,1974,1962,
Commando Battalion 89,"8 Brigade, Palmach",,,,,,Center,,,,,גדוד פשיטה ממוכן,,"פירוק הפלמ""ח",,,,,,מלחמת השחרור,גדוד קומנדו 89,,,משה דיין,"יוחנן פלץ, טדי דיופרה (איתן)",,גבוהה,תל ליטוינסקי - תל השומר,,,,,,Commando Battalion 89,"חטיבה 8 של הפלמ""ח",,,,,,,,Raid,,Battalion,,,Commando Battalion 89,,,,,,,,,,קרבות עשרת הימים,,1948,1948,
Special Interrogation Group – SIG🇬🇧,"British Army, Intelligence",,,,,,North Africa,,,,,פעולות קומנדו מאחורי הקויים הגרמנים,,,,,,British Army,,מלחמת העולם השניה,היחידה הגרמנית יוצאי גדוד 51 Special Interrogation Group – SIG,Israel Carmi (https://www.notion.so/Israel-Carmi-e5d8ed81108542f8aa104028d0090221?pvs=21),,"קפטן בק, לוטאנאט ראסל","קארל כהנא, איתן שפיר, ישראל כרמי",,,,38 יהודים מתנדבים מצבא צ'כיה החופשית,,קומנדו,,מקצועי,Commando 51,גדוד 51,,,,,,,צפון אפריקה,Commando,מתנדבים דוברי גרמנית יוצאי גדוד 51,,פלוגה,,SAS,,16,"התחזות, לוחמה זעירה, סיור",,,היחידה אומנה בהתאם למקובל בצבא הגרמני.,,,,מלחמת העולם השניה המדבר המערבי,ציוד של צבא גרמניה,1942,1942,
Givati Brigade 84,"162 Division, Southern Command",,,,,,,,,,,,,,,,,,,,,,,,,,,,,,,,,,,,,,,,,,,,,,,,,,,,,,,,,,,,1983,
Pipeline Defenders Platoon,"British Army, Haganah",,,,,,North,,,,,,,,,,,British Army,,,מחלקת משמר צינור הנפט פלוגת האש,,,,,,,,,,הגנה דינאמית,,מיליציה,Pipeline Defenders Platoon,,,,,,,,,Preventive,,,,,Special Night Squad,,,,,,,,,,,,1939,1938,
98 Division - The Fire Formation,Central Command,,,,,,Center,,,,,,,,,,,,,,עוצבת האש,,,,,,,,,,,,,98th Paratroopers Division,,,,,,,,,Air assaults,,Division,,,98th Paratroopers Division,,33,,,,,,,,,,,1974,
Samson's Foxes Givati,"Givati Brigade, Infantry",,,,,,South,,,,,"חי""ר ממוכן",,,,,,,,מלחמת השחרור בעקבות התרשמות מהישגי חיות הנגב,"שועלי שמשון - פלוגה ב', גדוד 54, גבעתי",,,"שמעון אבידן, אריה שפק",,,גבוהה,,,,,,"חיר""ם",Samson's Foxes Givati,חיל השדה,,שועלי שמשון,,,,,דרום,Deep Reconnaissance,,,,,Samson's Foxes Givati,,,,,,,,,"ג'יפים, קומנדקר, משאית, משוריינים",,,1956,1948,
Sayeret Nahal,"Infantry, Nahal Brigade 933",,,,,,Center,,,,,,,,,,,,,,"פלס""ר צור בהמשך סיירת נח""ל",,,,,,,,,,,,,Sayeret Nahal,,,,,,,,,Reconnaissance,,Company,,,Sayeret Nahal,,,,,,,,,,,,2002,1983,
Reconnaissance Anti-Tank 582 80,Paratroopers,,,,,,Center,,,,,"הפעלת משולבת של תול""רים, ויחידת הסיור - מעין גדס""ר במתכונת ראשונית, חה""ן","בט""ש",הצבא לא תמך בהקמה ולא ראה צורך בקיום היחידה,,,,,,דוידי חיפש דרכים לצקת תוכן במושג הסיירות,"גדוד סיור ונ""ט 582 של חטיבת המילואים 80",,,מיכה בן-ארי קופסטה,,"עמי-יעל אקסלרוד, אמיר קרן, נתן שורני",גבוהה,,,,,,,Reconnaisance Anti-Tank 582 80,חטיבת הצנחנים,,,,,,,,Reconnaissance Battalion,מילואים,,,,Reconnaisance Anti-Tank 582 80,פלוגות העורב,,לא עוצבה לגמרי. היעד של מקימי הגדוד היה לפעול בעומק שטח האויב בעת מלחמה,,,,,,"נגמ""שים, ג'יפים",תקופת מלחמת ההתשה,"תול""רים",1972,1968,
Nahal Brigade 933,"162 Division, Infantry, Southern Command",,,,,,,,,,,,,,,,,,,,,,,,,,,,,,,,,,,,,,,,,,,,,,,,,,,,,,,,,,,,1982,
Battalion for Air Assignments (Shaldag),"Infantry, Sayeret Matkal",,,,,,Center,,,,,,,,,,,,,,הגדוד למשימות חיל האוויר,,,,,,,,,,,,,Battalion for Air Assignments (Shaldag),,,,,,,,,Deep Reconnaissance,,,,,Battalion for Air Assignments (Shaldag),,,,,,,,,,,,1984,1977,
114 Squadron Night Leaders Squadron,Air force,,,,,,Air Force,,,,,Airborne infiltrations missions behind enemy lines; Delivery of equipment; Search and rescue,,,,,,,"January 1, 1966",,טייסת מובילי הלילה,,Uri Yarom,,,,גבוהה נמוכה,,,,,,,114 Squadron Night Leaders Squadron,,,,,,,,,Landing of forces,,,,,114 Squadron Night Leaders Squadron,,22,,Avraham Arnan,,,,,"Aérospatiale SA 321 Super Frelon; ",,,,1966,
Golani Engineer Company,"Golani Brigade, Infantry",,,,,,North,,,,,,,,,,,,,,"פלחה""ן גולני סדיר",,,,,,,,,,,,,Golani Engineer Company,,,,,,,,,,,,,,Golani Engineer Company,,,,,,,,,,,,2001,1977,
Yachmam B - The Shahaf Seagull Battalion,Field Intelligence,,,,,,North,,,,,"איתור מחבלים, ויזינט - מודיעין קרבי סגירת מעגלי אש, מטרות תשתית וסיוע למערכות הגנה על גדודים שפועלים בשטח, משגרי קטיושות","איתור חדירות, איסוף מידע על היערכות חיזבאללה",מיזוג עם שחף,,,,,,"הפיכת צס""מ ליחידה סדירה",שחף - פלגת יחמם ב' פלגת מוביל מדלגת 869 שחף,,,,,,,,,,,,,The Shahaf (Seagull) Battalion,ניצן,,,,,,"Asher, Daniel (2013): Battlefield Intelligence. The Observer before the Camp. Combat Intelligence Collection Corps.","צפון אוגדה 91 גבול סוריה, בעיקר לבנון",Visint,,Platoon,,,The Shahaf (Seagull) Battalion,,,,,,,,,,,,0,2000,
Border Police Reconnaissance Unit - South,Police,,,,,,South,,,,,,,,,,,,,,סיירת מגב דרום,,,,,,,,,,,,,Israeli Police Border Reconnaisance - South,,,,,,,,,COIN,,,,,Israeli Police Border Reconnaisance - South,,,,,,,,,,,,,2008,
Unit 5700,"Air force, Wing 7",,,,,,Nevatim,,,,,,,,,,,Command of the Special Air Forces,,,יחדת הנחתה קדמית 5700,,,,,,,,,,,,,Unit 5700,,,,,,,,,,,,,,Unit 5700,,,,,,,,,,,,,1972,
Yamas West Bank,"Police, YAMAS",,,,,,,,,,,"בט""ש איסוף מודיעין, חיסולים וטיפול בהפרות סדר שונות, מעצרים",סיוע למשטרה מאבק בפשיעה - בתוך ישראל,,,מקצועי קבע,,,,האינתיפאדה הראשונה,"ימ""ס איו""ש מסתערבים ",,,אלי אברהם,,,"נמוכה - בט""ש",,,,,,,,"ימ""מ",,,,,,,גדה מערבית,,"גיבוש בן שלושה ימים אחרי שירות בצה""ל",,,,,,36,,,חמישה חודשים,,,,,,,0,1991,
Lion King Malar,Armor,,,,,,,,,,,,,,,,,,,,,,,,,,,,,,,,,,,,,,,,,,,,,,,,,,,,,,,,,,,,2021,
"Yamas ","Police, Tactical Brigade Border Police",,,,,,South,,,,,צליפה מרדפים מוסקים,סיוע למשטרה מאבק בפשיעה - בתוך ישראל,,,מקצועי קבע,,,,,,,,,,,"נמוכה - בט""ש",,,,,,,Yamas Aravah,"השראה: שקד, זיקית, רימון",,,,,,,דרום,,"גיבוש בן שלושה ימים אחרי שירות בצה""ל",,,,Yamas Aravah,,36,,,"חמישה חודשים ",,,,,,,0,1990,
Sayeret 525 Reconnaissance,"Regional, Southern Command",,,,,,South,,,,,המנעה,,נטמעה בשקד,,,,,,"הסתננויות, בערבה ובהר הנגב ",סיירת 525,,,אהרון גיל,"סאלח אל-הייב, אמציה חן פצי",,נמוכה,,,,,,,Sayeret Shaked 424,יחידה 300,,,,,,,דרום,Preventive,,,,,Sayeret Shaked 424,סיירת שקד,,"מרדפים, מיקוש",,,,,,ג'יפים,,,1964,1963,
Airborne  Reconnaissance 73,"Paratroopers, Paratroopers Brigade 35",,,,,,Tel Nof,,,,,,,,,,,,,,,,,,,,,,,,,,,Airborne  Reconnaisance 73,,,,,,,,,Reconnaissance,,,,,Airborne  Reconnaisance 73,,,,,,,,,,,,0,1957,
Reconnaissance Company 7,"4th Battalion, Palmach",,,,,,,,,,,סיור בעומק שטחים ערביים,פעילות נגד מטרות בריטיות,נפילת רבים מחברי המחלקה בקרבות נבי סמואל,,,,Palmach,,"הקמת יחידות הפלמ""ח",יחידת סיירים פלוגה ז,,,יוחנן זריז,"דוד גורפינקל, יוסקה יהלום, אריה שחר (שורצמן), יהודה שליין, משה ברקוביץ, אפרים בלוך, שלמה שילוח",,,"משמר העמק, עין השופט, דליה",,,סיור,,מיליציה,Scouts,"פלמ""ח בוגרי קורס הסיור",,,,,,,"מטה הפלמ""ח",,"מגוייסים חדשים לפלמ""ח",,,,The 4th Battalion,,,"תנועה בלילה, חדירה ליעד, קרב לילה, לוחמה בשטח בנוי, שימוש בחומרי נפץ.",,,,,,,,,1948,1944,
Nahal Engineer Company,"Infantry, Nahal Brigade 933",,,,,,Center,,,,,,,,,,,,,,"פלחה""ן ספיר נח""ל",,,,,,,,,,,,,Nahal Engineer Company,,,,,,,,,,,Company,,,Nahal Engineer Company,,,,,,,,,,,,0,1992,
Druze Reconnaissance Unit 244,Infantry,,,,,,North,,,,,,,,,,,,,,סיירת שחר 244,,,,,,,,,,,,,Druze Reconnaissance Unit 244,,,,,,,,,Reconnaissance,,,,,Druze Reconnaissance Unit 244,,,,,,,,,,,,2015,1967,
Airborne Reconnaissance Platoon A,"Paratroopers, Paratroopers Brigade 35",,,,,,Center,,,,,,,,,,,,,,"סיירת הצנחנים הראשונה מחלקת הסיור של גדוד 890 ",Meir Har Zion (https://www.notion.so/Meir-Har-Zion-a85aba5fde8b4446b0312a94756d417a?pvs=21),,מאיר הר ציון,,"מיכה בן ארי קפוסטה, אהרון (ארול) אשל, מאיר יעקבי, יאיר תל צור, שמעון כהנר (קצ'ה).",,תל-נוף,,,,,,Airborne   (890),,,,,,,,,Airborne,,Company,מחלקת סיור על בסיס לוחמי 101,,Airborne   (890),,,,,,,,,,,,1954,1954,
Intelligence 188,Intelligence,,,,,,AMAN,,,,,היומינט,,איחוד עם המוסד יחידת קיסריה,,,,AMAN,,,"יחידה 188 אמ""ן",,,,"וסק'ה יריב (שכונה ""דן""), סגנו גדליה
חלף ושמעון סומך (""סמעאן"")",,,,,,,,,Intelligence 131,,,,,,,"Bergman, Ronen. 2018. Rise and Kill First: The Secret History of Israel’s Targeted Assassinations. Random House Publishing Group. ",ריגול,HUMINT,,,,,Mossad,קיסריה,22,,,,,,,,,יומינט,0,1955,
Yamas Aravah,"Police, YAMAS",,,,,,South,,,,,צליפה מרדפים מוסקים,סיוע למשטרה מאבק בפשיעה - בתוך ישראל,,,מקצועי קבע,,,,,"ימ""ס ערבה בעבר עזה מסתערבים ",,,,,,"נמוכה - בט""ש",,,,,,,Yamas Aravah,"השראה: שקד, זיקית, רימון",,,,,,,דרום,,"גיבוש בן שלושה ימים אחרי שירות בצה""ל",,,,Yamas Aravah,,36,,,"חמישה חודשים ",,,,,,,0,1990,
"Commando 51🇬🇧 ",British Army,,,,,,North Africa,,,,,פעולות קומנדו בהתאם לדוקטרינה של הצבא הבריטי,,שינוי מדיניות הצבא הבריטי ביחס לחיילי קומנדו שאינם בריטיים,,,,British Army,,,יחידת הקומנדו 51 קומנדו המזרח התיכון 51 גדוד המוות,Israel Carmi (https://www.notion.so/Israel-Carmi-e5d8ed81108542f8aa104028d0090221?pvs=21),,לויטננט קולונל הנרי קייטר,"קארל כהנא, דב כהן",,גבוהה,"ג'ניפה, סמוך לסואץ"," 360 איש, מהם 240 יהודים ו-120 ערבים. הפיקוד היה בריטי",,קומנדו,,מקצועי,Commando 51,"אצ""ל, חיל החפרים, יחידות אחרות של יהודים וערבים בצבא הבריטי",,,,,,,צפון אפריקה,Commando,,,פלוגה,,Special Interrogation Group – SIG,"היחידה הגרמנית, צנחנים",16,"מגע ראשון עם האויב בחזית, איגוף האויב, חדירה לעורף האויב לניתוק קווי אספקה. ",,,"היחידה אומנה בשיטות של לוחמה זעירה באימונים מפרכים שנערכו במשמעת צבאית נוקשה. האימונים כללו שחיה, חתירה, רכיבה על גמל, לחימה פנים אל פנים, חבלה, סיור, הפעלה של מגוון כלי נשק.",,,,"מלחמת העולם השניה. ברדיה - לוב, אתיופיה, אריתריאה",,1941,1940,
"Givati Anti-Tank Company ","Givati Brigade 84, Infantry",,,,,,South,,,,,,,,,,,,,,עורב גבעתי,,,,,,,,,,,,,Givati Anti-Tank Company,,,,,,,,,ATM,,Company,,,Givati Anti-Tank Company,,,,,,,,,,,,2002,1984,
Sayeret Charuv 484,"Central Command, Regional",,,,,,Center,,,,,"המנעה בט""ש","לוט""ר",,,,,,,הוקמה כמחלקת סיור ביחידת המודיעין של חטיבת הצנחנים הסדירה 35,סיירת חרוב 484,,,חזי יחזקאל שלום,,,נמוכה,,,,,,,Sayeret Haruv 484,צנחנים,,,,,,,מרכז,Preventive,,,,,Sayeret Haruv 484,,,"סגירה על החודרים באמצעות גששים כל גילוי של חדירה היו אנשי הסיירת סוגרים על המחבלים בעזרת מסוקים וגשש. הם היו עולים על עקבות המסתננים, מחשבים את נתיב החדירה וקצב ההתקדמות, ואז נוחתים בנקודה מסוימת ומציבים מארב. במקרים אחרים היו מגלים איכן הסתיימו העקבות ומסתערים לעבר היעד.",,,,,,,,,1974,1966,
7 Armor Reconnaissance Company,"7 Armored Brigade, Armor",,,,,,North,,,,,"איסוף מודיעין, איתור איומים וביצוע משימות מיוחדות- רגליות ורכובות, פתיחת תאי שטח לחטיבת השיריון","הכוונת מסק""רים וכוחות, תקיפת יעדים ועוד",,,,,,,,"פלס""ר 7",,,,,,גבוהה,,,,,,,Palsar 7 Armored Reconnaissance Company,"פלס""ר 7",בינונית,,,,,,"מטכ""לי",Armor Reconnaissance,"גיוס לשריון, פרופיל וקב""א גבוהים, גיבוש",Company,,,Refaim,"פלס""ר 401, 188",,"טירונות חי""ר עם אגוז, אימון מתקדם, הכשרה ביחידה לוחמה בשטחים שונים, ניווט, הסוואה, איסוף מודיעין קרבי, קורס סיור ייעודי ",,14 חודשים,,,,"ג'יפים - חמישיות, האמרים","במלחמת לבנון השניה היחידה הכווינה מסק""רים ולא טנקים","חי""ר, אמצעי תצפית וסיור",2021,1986,
Divers,"Palmach, Palyam",,,,,,Navy,,,,,הפעלת מכשירי צלילה אוטונומיים,,נטמעה בשייטת 13,,,,,,מלחמת העצמאות,הצוללים,,,יוסף דרור,,הקומנדו הימי האיטלקי הפשיסטי,,,,,,,מיליציה,Divers,"פלי""ם",,,,,,,,Naval,,,,,Flotilla 13,שייטת 13,,,,,,,,,,,1948,1948,
Duchiphat Hoopoe Anti-Tank Company 94,ATM,,,,,,Center,,,,,"נ""ט טאו","עם פרוץ האינתיפאדה הראשונה בט""ש","מרד ביחידה בשל הפעלתה כיחידת בט""ש ולא נ""ט",,,Dissolved,Kfir Brigade,,לקחי מלחמת יום הכיפורים,"דוכיפת יחידת נ""ט/יחנ""ט 94",,,,"עופר אילות, שרון דוידוביץ'",,גבוהה,,,,,,,Duchiphat Hoopoe Anti-Tank Company 94,,נמוכה,,,,,,,ATM,,,שתי פלוגות,,Duchiphat Hoopoe Anti-Tank Company 94,גדוד חיל רגלים ממוכן תחת פיקוד חטיבה 401 של חיל השריון,," טירונות חיל רגלים, טירונות יחידה של שבועיים ואימוני המשך מסלול בלוחמה נגד טנקים, בניווט ובאימוני חיל רגלים מתקדמים",,,,,,,,,1992,1984,
SLA Reconnaissance,,,,,,,,,,,,"כוח מיוחד של תושבי דרום לבנון שינהל מלחמת גרילה על פי ההנחיות ותחת הפיקוח של צה""ל",,,,,,,,"הסתבכויות מבצעיות ודיפלומטיות של פשיטות צה""ל בלבנון","הסיירת המיוחדת של צד""ל כוח אבו-ליל",Yehuda Danguri (https://www.notion.so/Yehuda-Danguri-56af878451c14dad93249666f2e56d31?pvs=21),,יהודה דנגורי,,מייג'ור סעאד חדד ראה ביחידה את פלוגות הלילה המיוחדות של דרום לבנון והשווה את דנגורי לוינגייט.,,מרג' עיון,16 לוחמים,,,,,,504,,,,,,,צפון,,,,,,,,,,,,,,,,,,0,1978,
Combat Engineering Reconnaissance Platoon 605,"Combat Engineering Reconnaissance Platoons, Engineering",,,,,,North,,,,,"איסוף מודיעין הנדסי, סריקת שטח","בט""ש",,,,,,,,"מחס""ר מחץ 605 ",,,,,,גבוהה נמוכה,,,16 לוחמים,,,,Combat Engineering Reconnaissance Company 605,,,,פלס-סייר,,,,,,"בעבר לוחמים מצטיינים בגדוד, איתור מיוחד בעת גיבוש יהלם",,,,Combat Engineering Reconnaissance Company 605,,,"לוחמה, ניווטים, קורס מודיעין וסיור, הסוואה, פריצה , חבלה וקרב מגע, במסגרת האימון המתקדם.",,,,,,האמרים,,"אמצעי תצפית תרמי ""עמית"" ו""עמית-איכון"", וכן ""ערמון"" - משקפת הנדסית עם מד טווח לייזר, אמצעים מסווגים לניתוח קרקע ורמת עבירות. ",0,1977,
Visual Intelligence Battalion,Field Intelligence,,,,,,,,,,,,,,,,,,,,,,,,,,,,,,,,,Visual Intelligence Battalion 1996,,,,,,,"Asher, Daniel 2013. Field Intelligence. The Observer before the Camp. Combat Intelligence Collection Corps.",,SAM,,Battalion,,,Visual Intelligence Battalion 1996,,,,,,,,,,,,0,1996,
Gideon Sword Police 33 - Jerusalem District,Police,,,,,,Jerusalem,,,,,,,,,,,,,,גדעונים יחידה 33,,,,,,,,,,,,,Gideon Sword Police - Jerusalem District,,,,,,,,,,,,,,Gideon Sword Police - Jerusalem District,,,,,,,,,,,,0,1990,
"Matilan Border Patrol - intelligence, observation, interception, mobile warfare",Police,,,,,,North,,,,,"יירוט ולוחמה ניידת. איסוף מודיעין מבצעי בתחומי פח""ע., מארבים, תצפיות",איסוף מודיעין מבצעי בתחום הפלילי,,,,,,,,"מתיל""ן ",,,,,,"נמוכה - בט""ש",,,,,,,"Matilan Border Patrol - intelligence, interception, mobile warfare, observation",מושווה ליחידת אגוז,,,,,,,"רמון, ירושלים שפלה",,"חיילים סדירים, השלמת טירונות, גיבוש בן יום",,,,"Matilan Border Patrol - intelligence, interception, mobile warfare, observation",,,"מארבים, תצפיות, יירוט, לוחמה ניידת ",,טירונות רובאי חמש קורס של חמישה שבועות,,,,,,,0,1996,
General Staff Visual Intelligence Unit - Lebanon Company,Field Intelligence,,,Field Intelligence - Daniel Asher 141.jpg (https://dl.airtable.com/QlfCi3fjS66hqRdZ6Ymo_Field%20Intelligence%20-%20Daniel%20Asher%20141.jpg),,,North,,,,,,,,,,,,,הצורך באיסוף מודיעיני ויזינטי בדרום לבנון,"יחידת תצפיות מטכ""לית (ית""מ) פלוגה בלבנון",,,,,,,,,,,,,General Staff Visual Intelligence Unit - Lebanon Company,,,,,,,"Asher, Daniel (2013): Battlefield Intelligence. The Observer before the Camp. Combat Intelligence Collection Corps. P140",,Visint,,,,,General Staff Visual Intelligence Unit - Lebanon Company,,,,,,,,,,,,0,1985,
Sayeret Matkal 262 269,Intelligence,,,,,,General,,"חרוב, שקד",,,,,,,,,"AMAN, Special Operations",,,"סיירת מטכ""ל","Alik Ron (https://www.notion.so/Alik-Ron-44dac5ab90994c8ea23871e229e38fac?pvs=21), Aharon Erol Eshel (https://www.notion.so/Aharon-Erol-Eshel-8d7d49a4b25a46bd9c1184d39089b9c7?pvs=21), Avraham Arnan (https://www.notion.so/Avraham-Arnan-6ce7287672a04b41961fcebd94d7cd89?pvs=21), Danny Yatom (https://www.notion.so/Danny-Yatom-fd43f4ba0bfa44d3ad47ccb56e5a456f?pvs=21), Ehud Barak (https://www.notion.so/Ehud-Barak-338f51103362452f8378bd1fff203d4e?pvs=21), Ehud Yatom (https://www.notion.so/Ehud-Yatom-80f7d5e820094be9bdeec29d5ed52cad?pvs=21), Eli Gil - Daud (https://www.notion.so/Eli-Gil-Daud-71b30e18ace247068f889d4430b4ded3?pvs=21), Giora Zorea (https://www.notion.so/Giora-Zorea-90c9b39057d24d7baf3322e5aa633c10?pvs=21), Menachem Digli (https://www.notion.so/Menachem-Digli-30886ff4578f47c49ebcf2adde907e93?pvs=21), Micha Ben-Ari Kaposta (https://www.notion.so/Micha-Ben-Ari-Kaposta-d947797dc4cf46d4843114cb33ce50b1?pvs=21), Muki Betser (https://www.notion.so/Muki-Betser-24f4d13a47ba47449fa3bcf55636a999?pvs=21), Yonatan Netanyahu (https://www.notion.so/Yonatan-Netanyahu-5daf83b6c11e41be9e1be6050c23452a?pvs=21), Yossi Gino (https://www.notion.so/Yossi-Gino-3989e06ebf034aba8ddfa65f77d23d34?pvs=21), Shay Avital (https://www.notion.so/Shay-Avital-6496f8755aaa45118236e3b6ac244b9a?pvs=21)",,"אברהם ארנן, מאיר הר ציון",מיכה בן-ארי,SAS,,,,,,,,,"154, סיירת צנחנים",,,,,,"Kfir, Ilan; Dor, Danny. Barak. Barak Wars of My Life. Or Yehudah: Kineret; Zemorah-Bitan.",,SIGINT,,,,,Sayeret Matkal 262 269,שלדג,"35,22",,,,,,,מסוקים,,,0,1957,
124 Squadron Flipping Sword Squadron,Air force,,,,,,,,,,,,,,,,,,,,,Uri Yarom (https://www.notion.so/Uri-Yarom-e7ad09d40a0545a8bcc1d6d6871268e6?pvs=21),,,,,,,,,,,,,,,,,,,,,,,,,,,,,,,,,,,,,,,1958,
SAMAG,Police,,,,,,,,,,,הפרות סדר על רקע בטחוני או פלילי,טיפול בחומרים מסוכנים,,,,,,,,"סמ""ג סיירת משמר הגבול",,,,,,"נמוכה - בט""ש",,,,,,,,,,,,,,,,,"חיילים סדירים, השלמת טירונות, גיבוש בן יום",,,,,,,,,,,,,,,,0,1983,
"Yaltam Underwater Missions ",Navy,,,,,,Navy,,,,,"ריתוך וחיתוך תת-מימי, תיקון של כלי שיט של חיל הים מתחת לפני המים","חבלה וסילוק פצצות תת-מימיות, חילוץ והצלה",,,,,,,"הקמה רשימית אפריל 1980. הכרה בצורך ביחידה מקצועית לפעילות תת מימית מקצועית בעיקר איתור כלי טיס שהופלו ואח""י דקר","ילת""ם יחידה למשימות תת-מימיות",,,דני אבינון,,,,,,,,,,Defensive Divers 707,"707, שייטת 13, היחידה המקצועית",,,,,,,,Defensive Diving,גיבוש בן יומיים לחיילים סדירים אך בעיקר חיילי קבע יוצאי השייטת וצוללים מקצועיים שעברו הכשרה לעבודה תת-ימית,,קבוצה קטנה של אנשי קבע בוגרי 707,,,,,"רובאי 02, האימונים כוללים מסעות, צלילות בכל שעות היום והלילה, שחייה למרחקים ארוכים, טילוף-שחייה עם סנפירים, אימוני ניווט תת-מימיים, צלילות ממושכות",,"12 חודשים ",,,,ספינת אם,,"פעמוני צלילה, רובוטים לצלילה ולעבודה תת-ימית - הראשון סקורפיון",,1978,
Military Intelligence Directorate,IDF,,,,,,,,,,,,,,,,,,,,,"Aharon Yariv (https://www.notion.so/Aharon-Yariv-981e6c12f0254c08842952d0a0183299?pvs=21), Binyamin Gibli (https://www.notion.so/Binyamin-Gibli-8c874a11024f4fbcb36ee752040a5609?pvs=21)",,,,,,,,,,,,,,,,,,,,,,,,,,,,,,,,,,,,,,,1948,
Filed Companies,Haganah,,,,,,North,,,,,הגנה דינאמית על צינור חברת הנפט העיראקית,תפישת עולמו הציונית של וינגייט הביאה אותו לגלות דאגה רבה גם לגורל הישובים היהודיים שהותקפו,"מעבר למשמר הנע, צביון פוליטי, מאבקי כוח עם ההגנה",,,,Haganah,,המרד הערבי,פלוגות השדה,,"Moshe Dayan, Yitzhak Sadeh, Yigal Allon",יצחק שדה,"יגאל אלון, משה דיין",,נמוכה,,,,הגנה דינאמית,,מיליציה,Mobile Guard,הנודדת,גבוהה,,,,,,,Preventive,,,,,Filed Companies,,15,לוחמה זעירה,,חמישה ימים,,,,טנדרים,,"תתי מקלעים, מקלעי לואיס, אקדחים, רימונים",1939,1937,
7 Armor Reconnaissance Company,"7 Armored Brigade, Armor",,,Palsar 7 1967.pdf (https://dl.airtable.com/kKbgkzHPRvOr1yAYqhvM_Palsar%207%201967.pdf),,,North,,,,,"איסוף מודיעין, איתור איומים וביצוע משימות מיוחדות- רגליות ורכובות, פתיחת תאי שטח לחטיבת השיריון","הכוונת מסק""רים וכוחות, תקיפת יעדים ועוד",,,,,,,,"פלס""ר 7",,,,,,גבוהה,,,,,,,Palsar 7 Armored Reconnaissance Company,"פלס""ר 7",,,,,,,"מטכ""לי",Armor Reconnaissance,"גיוס לשריון, פרופיל וקב""א גבוהים, גיבוש",,,,Palsar 7 Armored Reconnaissance Company,"פלס""ר 401, 188",,"טירונות חי""ר עם אגוז, אימון מתקדם, הכשרה ביחידה לוחמה בשטחים שונים, ניווט, הסוואה, איסוף מודיעין קרבי, קורס סיור ייעודי ",,14 חודשים,,,,"ג'יפים - חמישיות, האמרים","במלחמת לבנון השניה היחידה הכווינה מסק""רים ולא טנקים","חי""ר, אמצעי תצפית וסיור",1973,1956,
Masada Prison Service,Prison Service,,,,,,General,,,,,השתלטות על  התפרעויות ומהומות בבתי הכלא,"פעילות מסוערבת סיוע לימ""ס",,,מקצועי קבע,,,,האינתיפאדה השנייה,מצדה,,,,,,"נמוכה - בט""ש",,,,,,,Masada Prison Service,,,,,,,,כלל ארצי,Intervention force,"בוגרי יחידות קרביות, מבדקים מיונים",,,,Masada Prison Service,,,,,,,,,,," רובי ציד מדגם Remington 870, תמ""ק עוזי, מטולי רימונים מדגם 'רינגו' המשמשים לירי רימוני גז, שלל אמצעי ראיית לילה וצייני לייזר.",,2003,
The 89th Oz Brigade,98 Division - The Fire Formation,,,,,,General,,,,,,,,,,,Division 98,,,,,,,,,,,,,,,,"Duvdevan (Unit 217), Egoz Reconnaissance Unit, Maglan 212, Rimon 845",,,,,,,,,Commando,,Brigade,,,,,,,,,,,,,,,,2015,
Paratroopers Brigade 35,98 Division - The Fire Formation,,,,,,,,,,,,,,,,,,,,,"Meir Har Zion (https://www.notion.so/Meir-Har-Zion-a85aba5fde8b4446b0312a94756d417a?pvs=21), Arie Gilai (https://www.notion.so/Arie-Gilai-5d1ae985ed284448a7563d1e25563232?pvs=21)",,,,,,,,,,,,,,,,,,,,,,,,,,,,,,,,,,,,,,,1954,
Marom - Center for Airborne and Special Training,99 Division - The Maneuver Formation,,,,,,,,,,,,,,,,,,,,,,,,,,,,,,,,,,,,,,,,,,,,,,,,,,,,,,,,,,,,2005,
"Moran ",ATM,,,,,,South,,,,,,,,,,,,,,מורן,,,,,,,,,,,,,Moran,,,,,,,,,ATGM,,,,,Moran,,,,,,,,,,,,0,1981,
Sayeret Charuv 93,"99 Division - The Maneuver Formation, Division 99, Kfir Brigade",,,,,,Center,,,,,,,,,,,,,,"סיירת חרוב ",,,,,,,,,,,,,Sayeret Haruv 484,,,,,,,,,,,Battalion,,,,,,,,,,,,,,,,2017,
Yamam Counter-terrorism,"Border Police, Police",,,,,,General,,,,,השתלטות שחרור בני ערובה,"סיוע למשטרה ולשב""כ",,,מקוצעי קבע,,,,אירוע מעלות ועדת חורב,"ימ""מ - יחידה מרכזית מיוחדת היחידה ללוחמה בטרור",Alik Ron (https://www.notion.so/Alik-Ron-44dac5ab90994c8ea23871e229e38fac?pvs=21),,ראובן יעקב (נמרוד),"אסף חפץ, אליק רון, דוד צור",,"נמוכה - בט""ש",,,,,,,Yamam Counter-terrorism,,גבוהה,,,,,"Argaman, Yosef. 1996. The Border: The History of the Border Guard. Tel Aviv: Ministry of Defense.",כלל ארצי,CT,רובאי 7 או קורס קצינים,,,,Yamam Counter-terrorism,,,"יחידה עצמאית, כוללות צוותים מתמחים בפריצה, צליפה, חבלה, כלבנים, קופי טרור",,,,,,,,"רכש עצמאי ברמת היחידה רובי סער, רובי צלפים, shotgun, תתי מקלעים, אקדחים, רימונים, מטולי לאו, רקטות נגד ביצורים מדגם שיפון תוצרת תע""ש, מטולי רימונים, רימוני הלם, אמצעי ראיית לילה, מערכת דימות תרמית, מערכת למעקב וירי מרחוק, צייני לייזר, מצלמות, אמצעי קשר, אמצעי סילוק פצצות, אמצעי זיהוי עמית-טורף",,1973,
Unit Yanmam Airborne Anti Aircraft Unit,Infantry,,,,,,General,,,,,"הפעלת אמצעי נ""מ ניידים מעבר לקווי אויב לשם הגנה אווירית בזמן מינימלי ליחידות עומק",,,,,,168 Squadron,,,"ינמ""מ ",,,,,,,,,,,,,Duvdevan (Unit 217),עוצבת האש,,,,,,,,SAM,כמו מגלן,Company,,,,,,"טירונות בבסיס האימונים החטיבתי של צנחנים, הכשרת מגלן, קורס מ""כים ייעודי, בחלקו האחרון של המסלול תכנים ייעודים על פי תחומי העיסוק של הצוות",,,,,,,,,,2012,
"Visual Intelligence Unit - 869 - Shahaf ",Field Intelligence,,,Field Intelligence - Daniel Asher.pdf (https://dl.airtable.com/xqrCtpoMRyGxY1kuD0FT_Field%20Intelligence%20-%20Daniel%20Asher.pdf),,,General,,,,,,,,,,,,,,,,,,,,,,,,,,,Visual Intelligence Unit 1973,,,,,,,"Asher, Daniel (2013): Battlefield Intelligence. The Observer before the Camp. Combat Intelligence Collection Corps.",,Visint,,,,,Visual Intelligence Unit 1973,,,,,,,,,,,,0,1973,
"Intelligence 131 ",Intelligence,,,,,,AMAN,,,,,"הפצת תעמולה שחורה, ושיטות אחרות של לוחמה פסיכולוגית שנוסו במלחמת העולם על-ידי ה-SOE, לזרוע בהן בהלה, לפגוע ברצון הלחימה של האוכלוסייה על ידי ביצוע פיגועים, פעילות בעת מלחמה בלב ארצות אויב",ליחידה לא הוגדר תפקיד בתקופות שבין מלחמות,פרשת לבון,,,,AMAN,,,יחידה 131,,,,,SOE,,"בסיס עיקרי בקריה, בנוסף בית ספר ומחלקת קשר עם הסוכנים ",,,,,,Research 2,,,,,,,,,Sabotage and Unconventional Warfare,קשיים בגיוס.  החלטה לגייס הרפתקנים ואנשים עם עבר פלילי בכלל זה אברי אלעד ומרדכי קידר גיוס של יהודים מארצות ערב,,,,Intelligence 188,,,,,,,,,,,,0,1953,
Yacmam A - The Shahaf Seagull Battalion,Field Intelligence,,,,,,,,,,,ויזינט - מודיעין קרבי,,,,,,,,,פלגת יחמם אפלגת האינדיאנים,,,,,,,,,,,,,,גדוד שחף,,,,,,,,,,Platoon,,,,,,"פעילות מתוך מוצבים, פעילויות רגליות בשטח",,,,,,,,,0,2000,
Naval Commandos,"Palmach, Palyam",,,,,,Navy,,,,,,,,,,,,,,הקומנדו הימי יחידת המתאבדים של אסקימו,,,אורי ברכמן-שילה,אהרן בן-יוסף,,,יפו,30 איש,,,,מיליציה,Naval Commandos,השירות הימי,,,,,,,,Naval,"יוצאי פיל""ם והצבא הבריטי",,,,Flotilla 13,שייטת 13,,,,,,,,,,,1948,1948,
332 Battalion,"Paratroopers, Paratroopers Brigade 35",,,,,,Center,,,,,,,,,,,,,,מרגמות מוצנחות 322,,,,,,,,,,,,,332 Battalion,,,,,,,,,Airborne Artillery,,,,,332 Battalion,,,,,,,,,,,,1956,1956,
The Syrian Platoon,Palmach,,,,,,North,,,,,פעולות מסוערבות במדינות ערב בשירות הצבא הבריטי במתכונת ה-SOE,פעולות מסוערבות בפלשתינה בשירות ההגנה,"מאבק בין הפלמ""ח והצבא הבריטי על השילטה ביחידה ",,,,Palmach,,"מלחמת העולם השניה הצבא הבריטי היה מעוניין בחוליות שיפעלו בעורף נאויב במקרה של כיבוש גרמני במתכונת ה-SOE ","המחלקה הסורית ",,,"טוביה ארזי, יגאל אלון, ירוחם כהן","שמעון סומך, חיימקה לבקוב",תאודור וון היפל - צבא גרמניה,גבוהה,,,,מודיעין/לוחמה זעירה,,מיליציה,Filed Companies,"פלמ""ח",,גבוהה,,,,,,Deep Reconnaissance,,,,,The Arab Squad,מסתערבים,16,"פעילות צבאית, חבלה, אימון ימי, לימודי, שפה, דת ותרבות היחידה הניחה למעשה את הבסיס לתורת ההסתערבות",,,,,,,,,1943,1940,
Combat Engineering Reconnaissance Platoon 603,"Combat Engineering Reconnaissance Platoons, Engineering",,,,,,North,,,,,"איסוף מודיעין הנדסי, סריקת שטח","בט""ש",,,,,,,,"מחס""ר להב 603 ",,,,,,גבוהה נמוכה,,,16 לוחמים,,,,Combat Engineering Reconnaissance Company 603,,,,פלס-סייר,,,,,,"בעבר לוחמים מצטיינים בגדוד, איתור מיוחד בעת גיבוש יהלם",Platoon,,,Combat Engineering Reconnaissance Company 603,,,"לוחמה, ניווטים, קורס מודיעין וסיור, הסוואה, פריצה , חבלה וקרב מגע, במסגרת האימון המתקדם.",,,,,,האמרים,,"אמצעי תצפית תרמי ""עמית"" ו""עמית-איכון"", וכן ""ערמון"" - משקפת הנדסית עם מד טווח לייזר, אמצעים מסווגים לניתוח קרקע ורמת עבירות. ",0,1993,
Yiftach - Weapons Development Unit,Engineering,,,,,,,,,,,,,,,,,,,,,David Laskov (https://www.notion.so/David-Laskov-6d1359bf243f46a680901ea78e22941c?pvs=21),,,,,,,,,,,,,,,,,,,,,,,,,,,,,,,,,,,,,,,1970,
Intelligence Service 805,Intelligence,,,,,,AMAN,,,,,,,,,,,,,,"ש""מ 18 יחידת הסוכנים של שירות המודיעין של צה""ל",,,"סומך, שמריה גוטמן",,SOE,,,,,מודיעין/לוחמה זעירה,,,Intelligence Service 18 805,מסתערבים - שחר,,,,,,,,Spyware and sabotage,,,,,Intelligence Service 18 805,,,,,,,,,,,,1950,1948,
Rimon 845,"Givati Brigade 84, Regional, Southern Command",,,,,,South,,,,,"התמחות בלוחמה במדבר., ובחדירות המחבלים מחצי האי סיני בעומק הנגב, לחימה ברצועת עזה","מיועדת לטפל באירועי פח""ע בגזרה הדרומית",,,,"Dissolved, The 89th Oz Brigade",,,"מבצע עופרת יצוקה,  התערערות היציבות בגבול עם סיני",סיירת רימון החדשה,,,"רס""ן בני, איש 669 ופלחה""ן גבעתי",,,נמוכה,,,,,,,Granade Rimon,חטיבת גבעתי,,היחידה פעלה לטפח תרבות ייחודית מיום הקמתה. זיקה ליחידת רימון המקורית אך שמירה על מרחק מזיהוי עמה.,,,,,דרום,COIN,"פיקוד מבוסס על קצינים מיחידות עלית. גיוס צוות סדיר ראשון ישירות ליחידה, גיבוש לגדס""ר גבעתי, נופלי טיס",Battalion,,,"""The 89th """"Oz"""" Brigade""",,,"טירונות, לש""ב, ניווטים במדבר ובמרחבים אורבניים, לוט""ר, סיור, עם גדס""ר גבעתי, הכשרת לוט""ר ארוכה במיוחד, יירוט פח""ע, ומגוון הכשרות הקשורות להישרדות במדבר – ניווטי מדבר, ניווטי כוכבים, תנועה בשטח מדברי, עקבות, בעלי חיים, איך מוצאים מחסה ומזון.",,,,,,,,,2015,2010,
99 Division,99 Division - The Maneuver Formation,,,,,,,,,,,,,,,,,,"September 15, 2020",,,,Avi Rosenfeld,,,,,,,,,,,,,,,,,,,,,,,,,,,,,,,,,,,,,,2020,
Unit Alpinistim (Res),"810 Brigade, Reconnaissance Battalion 7810, Regional",,,,,,North,,,,,לוחמה באיזורים מושלגים,,,,מילואים,,,,"פירוק יחידת אגוז, הקשיים של היחידות האחרות בלוחמה בחרמון.","אלפיניסטים, סיירת ארז, סיירת החרמונים",,,דוד מתג,,,,חרמון,,,,,,Unit Alpinistim (Res),סיירת אגוז,,,,,,"Givati, Moshe. 2015. המערכה בחרמון : הקרבות ברכסי החרמון במלחמת יום הכיפורים ולאחריה
. תל אביב : משרד הביטחון ההוצאה לאור.",צפון,Rough Terrain,מילואים,,,,Unit Alpinistim (Res),,,,,,,,,חתולי שלג,,,,1974,
Unit 30,"Regional, Southern Command",,,,,,South,,,,,"הגנה דינאמית, המנעה","מיפוי, סיור, פעולות תגמול ",,,,,9 Brigade,,הסתננויות,יחידה 30,,Moshe Dayan,"אברהם לוין, חיים דים","בני ענבר, אהרון קמרה",,נמוכה,,30,,,,נמוכה,Unit 30,חטיבת הנגב,נמוכה,,,,"Dayan, Moshe. 1976. Story of My Life. Jerusalem and Tel-Aviv: Edanim Publishers and Dvir Publishing House. pp. 98-106",,דרום,Preventive,גיוס אקראי,Company,2 מחלקות,,Sayeret Shaked 424,שקד,20,"מסעות ארוכים אימוני כידון, קורסים בחבלה, בצליפה ובנהיגה, קורס צניחה",,4 חודשים,,,,,,"סטן, ברן ",1952,1951,
The Arab Squad,Palmach,,,,,,Haifa,,,,,,,צירוף לפלוגת השחר,,,,Palmach,,,"הכיתה הערבית של הפלמ""ח",,,יצחק חנקין,"יעקובה כהן, יוסף בן סעדיה, סעדיה סעיד, יוסף גיאת, דוד קומם (קיפניס), גיורא זייד, יוסקה יפת (כל הארץ), יהודה פרנקו",,נמוכה,ח'ריבה כרמל,12 איש,,מודיעין/לוחמה זעירה,,מיליציה,The Syrian Platoon,"פלמ""ח",,גבוהה,,,,,,HUMINT,מראה ערבי,,,,Intelligence Service 18 805,פלוגת שחר,,,,,,,,,,,1948,1942,
Wing 7,Air force,,,,,,,,,,,,,,,,,,,,,,,,,,,,,,,,,,,,,,,,,,,,Wing,,,,,,,,,,,,,,,,2020,
"Golani Reconnaissance Battalion ","Infantry, Northern Command",,,,,,North,,,,,,"אגרוף לחימה איכותי נגד הטרור, תוך שילוב אמצעים שאינם קיימים בגדודי החי""ר הרגילים",,,,,,,פיקוד ושליטה משופרים החל מהפיקוד בזמן לחימה ועד להדרכה וללוגיסטיקה,"גדס""ר גולני",,,,,,,,,,,,,"Golani Anti-Tank Company 1977, Golani Engineering company, Reconnaisance Platoon Golani",,,,,,,,,Reconnaissance,,Battalion,,,,,,,,,,,,,,,2020,2001,
Port Company,Palmach,,,,,,Navy,,,,,הגנה על פועלי נמל חיפה היהודים,"רכש עבור חיל הים העתידי, לחימה בקרבות לשחרור חיפה",,,,,,,הטבח בבתי הזיקוק,פלוגת הנמל,,,יוחאי בן-נור,אדמונד וילהלם ברילנט,,,נמל חיפה,,,הגנה דינאמית,,מיליציה,,"פלי""ם",,,,,,,,Defensive,,,,,,"שייטת 13, מדור בקרת נזקים, 707",,,,,,,,,,,1948,1947,
Air Force,IDF,,,,,,,,,,,,,,,,,,,,,,,,,,,,,,,,,,,,,,,,,,,,Corps,,,,,,,,,,,,,,,,1948,
Depth Corps,IDF,,,,,,,,,,,,,,,,,,,,,,,,,,,,,,,,,,,,,,,,,,,,Corps,,,,,,,,,,,,,,,,2012,
Granade Rimon Unit 5176,"Regional, Southern Command",,,,,,Gaza,,,,,לחימה בטרור ברצועת עזה,,,,,,,,"התגברות פח""ע ברצועת עזה",רימון סיירת חופים,Meir Dagan (https://www.notion.so/Meir-Dagan-e3de062f78884c4e9cfb8eaa8eb9b506?pvs=21),,מאיר דגן,,,נמוכה,,,,,,,,צנחנים,נמוכה,,,,,,דרום,CT,,,,,"Regional Brigade 417, Shimshon (Unit 367)","דובדבן, שמשמון, ימ""ס",,"ירי מהיר באקדחים מסוגים שונים, פעילות בדגש על המרחבים האורבניים, יחד עם אנשי שב""כ, במטרה לאתר, לעצור ולחסל מחבלים.",,,,,,,,,1971,1970,
Border Police Reconnaissance Unit - Central District,"Police, SAMAG",,,,,,Center,,,,,,,,,,,,,,סיירת מגב מרכז,,,,,,,,,,,,,Border Patrol Reconnaissance Unit - Central District,,,,,,,,,Reconnaissance,,,,,Border Patrol Reconnaissance Unit - Central District,,,,,,,,,,,,0,1983,
Golani Brigade 1,,,,,,,,,,,,,,,,,,,"February 28, 1948",,,,,,,,,,,,,,,,,,,,,,,,,,Brigade,,,,,,,,,,,,,,,,1948,
Airborne Battalion 890,"Paratroopers, Paratroopers Brigade 35",https://www.202.org.il/Pages/gdud_890/history/1951.php,,,,,Center,,,,,הכשרת צנחנים,"לא הוגדר, עסקו בעיקר בבט""ש באיזור ירושלים, בהמשך פעולות תגמול.",,,,,,,כישלון יחידת הצנחנים הקודמת,"גדוד 890 במסגרת בה""ד 8 ביה""ס לצניחה",,,יהודה הררי,"מסרל טוביאס, יצחק ולקר, ירחמיאל אבנון, קלמן מגן, יחיאל לוין, מרדכי ילישביץ, ברוך פרומקין, שבתאי אילון (אילוז), אברהם תמיר (סיומקין), גדעון ריבלין .",,,תל-נוף,72,,,,,Airborne Battalion 890 1950,,,,,,,,,,"קשיים בגיוס. קיבוצניקים ומשבניקים פנו לנח""ל. עולים חדשים וילידי הארץ הותיקים הגיעו לגולני גבעתי ושריון ו""השארית"" הגיעה לצנחנים",Battalion,פלוגה מבצעית אחת,,Airborne Battalion 890 1950,צנחנים,,,,,צניחה,,,,,,,1950,
"Nodedet ",Haganah,,,,,,Tel Aviv,,,,,הגנה מקומית,,,,,,Haganah,,המרד הערבי,הנודדת,"Eliyahu Ben-Hur (https://www.notion.so/Eliyahu-Ben-Hur-a2f965e5fcf74f0386e71500d3dfeec3?pvs=21), Yitzhak Sadeh (https://www.notion.so/Yitzhak-Sadeh-44483e3a2aae40ff9d8f94f41b34eabe?pvs=21)",,,,,נמוכה,,70 איש,,הגנה דינאמית,,מיליציה,Nodedet,,,,,,,,תל-אביב,Preventive,,,,,Nodedet in Jerusalem,,,,,,,,,,,,1939,1936,
Airborne  Reconnaissance Company 5173 - Taipan,Paratroopers,,,,,,Center,,,,,פעולות תגמול,,,,,,,,,סיירת צנחנים 202 פלוגת סיור חטיבתית 5173,,,Ariel Sharon,Meir Har-Zion,101,,החל מ-1957 תל-נוף,,,,,,Airborne  Reconnaisance 5173,"101, 890",,,,,,,מרכז,Reconnaissance,,,,,Airborne  Reconnaisance 5173,"סיירת מטכ""ל, סיירת צנחנים",,,,,,,,,,,0,1956,
Sayeret Shaked 424,"Regional, Southern Command",,,,,,South,,,,,המנעה,החל משנת 1970 גדוד קומנדו תחת פיקודו של דני וולף רהב,פירוק הסיירות הפיקודיות,,,,,,"הסתננויות, בעיקר בגיזרה הדרום-מערבית של פיקוד הדרום",סיירת שקד 424,"Amatia Chen Patzi (https://www.notion.so/Amatia-Chen-Patzi-7c704af59e1a46d5b2be2690b145fd27?pvs=21), Muki Betser (https://www.notion.so/Muki-Betser-24f4d13a47ba47449fa3bcf55636a999?pvs=21), Amos Yarkoni (https://www.notion.so/Amos-Yarkoni-a37e786108b34d20a5abe429db14a63c?pvs=21), Binyamin Ben-Eliezer (https://www.notion.so/Binyamin-Ben-Eliezer-cc899f8a56b540afbd7147c119eda4e5?pvs=21), Dani Rahav Wolf (https://www.notion.so/Dani-Rahav-Wolf-7f4aad141476405380ac1a1483cca816?pvs=21)",,צבי עופר,"נדב נוימן, עבד אל-מאג'יד, דב סטרליץ, דני וולף רהב",,נמוכה,,,,,,,Sayeret Shaked 424,"יחידה 30, כוח משימה קטן שהוקם בפיקוד המרכז, סיירת נח""ל ערבה 150",,,,,,,דרום,Preventive,,,,,Sayeret Shaked 424,הסיירות הפיקודיות,20,"שילוב בין גישות מסורתיות לגישוש לבין הפעלת אמצעים מתקדמים: דגן - מקלע המופעל באמצעות קרן פוטו אלקטרית, קשת - מכ""ם קרקעי מגלה חדירות.",,,,,,"ג'יפים, מסוקים",,,1979,1955,
Sayeret Debora,Northern Command,,,,,,Northern Command,,,,,,,,,,,,,,,,,,,,,,,,,,,,,,,,,,,North,,,,,,,,,,,,,,,,,,,2021,
Yahalom Combat Engineering Unit for Special Operations,Engineering,,,,,,General,,,,,"איתור והשמדת סליקים, ביצוע הריסות מדויקות, הכנת מטענים ופצצות, הנדסה ופריצה בים וביבשה, וביצוע שאר משימות מיוחדות., חבלה בתשתיות האויב, טיפול בחומרי נפץ (כולל פיצוץ מדויק), מעברים תת-קרקעיים ומנהרות הברחה ותופת, נטרול מטעני חבלה, פינוי שדות מוקשים",,,,,,,,צורך ביחידת עלית של חיל ההנדסה שמשלבת תחומי התמחות,"יהל""ם יחידת הנדסה למשימות מיוחדות",,,,,,גבוהה נמוכה,מחנה סירקין,,,,,,Yahalom Combat Engineering Unit for Special Operations,"יחס""פ וסיירת יעל",,,,,"“Yahalom Unit.” 2021. IDF. December 28, 2021. https://www.idf.il/en/minisites/idf-units/yahalom-unit/yahalom-unit/.",,הנדסה,COIN,"גיוס לחיל הנדסה, טירונות, מעבר גיבוש בן חמישה ימים",Brigade,,,Yahalom Combat Engineering Unit for Special Operations,,,"טירונות פלס 5,  אימוני חי""ר בסיסי ומתקדם, כולל הכשרות הישרדות, ניווט, קליעה, לוחמה זעירה, קרב מגע, לוחמה בטרור, טיפוס גלישה וחילוץ, לוחמה בשטח בנוי, צניחה ועוד, כמו גם הכשרה מקצועית בתחומי ההנדסה הקרבית. הכשרה פיקודית. חלוקה למגמות.",,16 חודשים,,,,,,,0,1995,
Sayeret Egoz 483,"Northern Command, Regional",,,,,,North,,,,,פעילות מיעוטים בעורף הסורי במקרה שהם יצטרפו למלחמה,"בט""ש בגיזרת ג'נין",התקלות במארב של משמר הגבול באום-אל פאחם,,,,,,לקראת מבצע קדש יחידה דרוזית לפעילות בעורף האויב הדרוזי,סיירת אגוז 483,,,אריה גורדי,נפתלי אלקין,,,מחנה בן עמי בהמשך משטרת כרכור,25 לוחמים,,,,,Sayeret Egoz 483 Reconnaissance 1,,,,,,,,צפון,Commando,קבוצת חיילים דרוזים,,,,Sayeret Egoz 483 Reconnaissance 1,"סיירת אגוז, יחידות מיעוטים",,,,אימון הקמה וגיבוש שלושה חודשים,"קרב מגע, סיור, טפוגרפיה, כלי נשק שונים",,,,,,1957,1956,
Masqueraders - Intelligence 18,"IDF, Palmach",,,,,,Haifa,,לא תחרות אך הסתייגות והעדר תמיכה מצד אנשי המחלקה המדינית של הסוכנות,,,"איסוף מודיעין בקרב ערביי א""י ומדינות ערב בלא להסתמך על מקורות יומינטיים ערביים","הפעלת כוח מיוחד שיכול הן לאסוף מודיעין (לימים סיירת מטכ""ל) והן לבצע פעולות חבלה בעורף האויב","סכסוך בין ראש אמ""ן בנימין גבלי ולוחמיה",,,,Palmach,,"גיבוש הפלמ""ח ככוח הצבאי הפורמאלי של היישוב, מיזוג הכיתה הערבית והמחלקה הסורית","היחידה הערבית של הפלמ""ח מסתערבים מחלקת השחר",,,ירוחם כהן,"שמעון סומך, יעקב נמרודי, יעקב-זק צביה, אהרון ספקטור, רחביה ברמן",,נמוכה גבוהה,קיבוץ אלונים,50 איש בכול רגע נתון,,מודיעין/לוחמה זעירה,,מיליציה,The Arab Squad,המחלקה הסורית,,גבוהה,,,,,,Deep Reconnaissance,"מתנדבים בעלי חזות מזרחית שערבית הייתה שפת עמם ",,,,"Intelligence 13 Wing, Intelligence Service 18 805","היחידה המבצעית של אמ""ן (יחידה 188 לשעבר 131)  קיסריה, סיירת מטכ""ל, 504, המסתערבים",,"הכשרה צבאית צליפה, סיירות, ג'ודו, ימאות, נהיגה בכלי רכב ואופנועים, ערבית כתיבה וקריאה,  תפילה, הווי, לבוש, מסורת",,שנה עד שנתיים,,,,,,,1948,1943,
Reconnaissance Company 421,Armor,,,,,,South,,,,,,,,,,,,,,"פלס""ר 421 מילואים",,,חיים רודברג,,,,,,,,,,Reconnaissance Company 421,,,,,,,,,Armor Reconnaissance,,,,,Reconnaissance Company 421,,,,,,,,,,,,1986,1973,
Counter-NBC and purifiers,"Engineering, Yahalom",,,,,,Center,,,,,"יחידת גו""ז",,"החיילים שהפעילו את הנגמ""שים השתחררו ולא נותרו מפעילים בצבא",,,,,,"במהלך מלחמת המפרץ קבלת נגמ""שי שועלית מגרמניה",אנקור,,,,,,,,"שני חיילים, נגד וקצין, כולם עולים ממדינות חבר העמים",,,,,Counter-NBC and purifiers,,,,,,,,"מטכ""לי",Reconnaissance,,,צוות,,Counter-NBC and purifiers,"התמזגה עם יהל""ם ב-2004",,,,,,,,,,,0,1991,
Battalion for Air Assignments (Shaldag) 5101,Air force,,,,,,Palamachim,,,,,,,,,,,Command of the Special Air Forces,,,Battalion for Air Assignments (Shaldag),,,,,,,,,,,,,Battalion for Air Assignments (Shaldag),,,,,,,,,Deep Reconnaissance,,,,,Battalion for Air Assignments (Shaldag),,35,,,,,,,,,,0,1984,
Nahal Anti-Tank Company (Res),ATM,,,,,,North,,,,,,,,,,,,,,"עורב נח""ל מילואים",,,,,,,,,,,,,Nahal Anti-Tank Company (Res),,,,,,,,,Engineering,,,,,Nahal Anti-Tank Company (Res),,,,,,,,,,,,0,1977,
Stinger Anti Aircraft Unit,Air force,,,,,,General,,,,,"בעל ביות אינפרא-אדום ואולטרא-סגול, הפעלת ברקן ( סטינגר) - טיל כתף נ""מ קצר-טווח, ליירוט כלי-טיס מנמיכי טוס., על-קולי",,,,,,,,לקחי מלחמת המפרץ,ברקן,,,,,,,,,,,,,Stinger Anti Aircraft Unit,,,,,,,,גוש דן,SAM,,,,,Stinger Anti Aircraft Unit,,,,,,,,,,,,2012,1998,
Golani Anti-Tank Company,"Golani Brigade, Infantry",,,,,,North,,,,,"לוחמה נגד טנקים ונגד רק""ם טאו","יחידת חיל רגלים מובחרת למשימות התקפיות מורכבות, בט""ש.",,,,,Golani Brigade,,,עורב גולני,,,דני הרמן,"רפי מוסברג, מוטי שפס, יואב שדמה, ציון אוטמזגין, גדי אייזנקוט.",,,,,,,,,Golani Anti-Tank Company 1977,חטיבת גולני,,,,,,,,ATM," גיבוש יח""טיות (יחידות חטיבתיות)",,,,,"גדס""ר גולני",,,,,,,,,,,2001,1977,
Duchiphat Hoopoe Reconnaissance,Paratroopers,,,,,,Center,,,,,כוח נייד ובעל עבירות גבוהה סיוע לצנחנים בשדה הקרב,"אחרי המלחמה בט""ש ברצועת עזה ובבקעת הירדן",כישלון בהפעלת השריוניות,,,,,,חשיבה מוטעית כי ניתן יהיה להוביל שריוניות aml 90 באמצעות מסוקים ולסייע לצנחנים,סיירת דוכיפת,Aharon Davidi (https://www.notion.so/Aharon-Davidi-e24ee87c95134223975031b5943a0fdb?pvs=21),,אהוד שני,"יאיר רפאלי, עדי ליבנה, יורם כפרי, גידי בן-יוסף, אמנון ליפקין-שחק",,גבוהה,,,,,,בינונית,Duchiphat Hoopoe Reconnaisance,צנחנים,נמוכה,"הניסיון להעביר לוחמי חי""ר ללוחמת שריון נתפש כפחיתות כבוד",,,,,,Airborne Armor,,,פלוגה,,Duchiphat Hoopoe Reconnaisance,,,"הפעלת 14 שריונית aml 90 על-ידי אנשי חי""ר צוות שריונית כלל 3 אנשים. צנחנים שעברו קורס מרוכז למקצועות השריון - כולל מפקדי שריוניות - בבית הספר לשריון בג'וליס",,,,,,,"ששת הימים, כראמה",,1969,1966,
Battalion for Air Assignments (Shaldag) 5101,,,,,,,Center,,,,,,,,,,,,,," שלדג 5101",,,,,,,,,,,,,Sayeret Matkal 262 269,,,,,,,,,Deep Reconnaissance,,,,,Battalion for Air Assignments (Shaldag) 5101,,33,,,,,,,,,,1977,1974,
Givati Engineer Company,"Givati Brigade 84, Infantry",,,,,,South,,,,,,,,,,,,,,"פלחה""ן גבעתי",,,,,,,,,,,,,Givati Engineer Company,,,,,,,,,Engineering,,Company,,,Givati Engineer Company,,,,,,,,,,,,2002,1984,
Scouts,Palmach,,,,,,,,,,,"מהי עוצמת הכוחות שעומדים מולו ומהו מרחב התמרון של חייליו במהלכם בשטח., סיור בנתיבים המובילים לשטח האויב, ציוד המפקד בידע מכסימאלי לגבי מה שעתיד לעמוד לפניו: לדווח לו מהם פני השטח",,,,,,Palmach,,,הסיירים,,,,,,גבוהה,,,,סיור,,מיליציה,,,,,,,,,,Reconnaissance,,,,,The 7th Company,,,"קריאת מפה על גווניה השונים ושימוש בעזרים כגון מצפן; הכרת השבילים, הערים והכפרים, כולל דרכי הגישה אליהם ניצול מכסימאלי של תנאי השטח על מנת להגביר את אלמנט ההפתעה",,,"כושר גופני ובהגברת מיומנותו כ""סייר"", כמו מלאכת טשטוש העקבות.
",,,,,,1942,1941,
Shaked Pseudocerastes Shfifon,"Regional, Sayeret Shaked 424, Southern Command",,,,,,South,,,,,המנעה ומכות מנע תגובה לפעילות מחבלים ומיקוש בתוך שטח ישראל,פעולות תגמול והרתעה,,,,,,,גישה התקפית כנגד פעולות מחבלים בדרום הערבה,שפיפון,,,בנימין בן אליעזר,אמציה חן פצי,,נמוכה,אילת-ערבה,16 לוחמים,,,,,Sayeret Shaked 424,שקד,,,,,,,דרום,Preventive,לוחמים ותיקים בשקד,,מחלקה,,Sayeret Shaked 424,,,"ניווטי יום ולילה, הכשרה אצל שייטת 13, פעילות ממסוקים",,,,,,ארבעה ג'יפים,,,1969,1968,
Barak Battalion 12 Golani,"Golani Brigade, Infantry",,,,,,North,,,,,,,,,,,,,מלחמת השחרור,גולני גדוד ברק 12,,,,"יצחק ברושי, רפי קוצר",,,,,,,,,Barak Battalion 12 Golani,"פלוגות חי""ש, פל""מים ונוטרים מבקעת כנרות, עמק הירדן והגליל התחתון מחלקת הקומנדו",,,,,,,צפון מזרח,Reconnaissance,,Battalion,,,Barak Battalion 12 Golani,,,,,,,,,,,,0,1948,
"Central Command ",IDF,,,,,,,,,,,,,,,,,,,,,,,,,,,,,,,,,,,,,,,,,,,,Command,,,,,,,,,,,,,,,,1948,
Samoor Platoon,"Engineering, Yahalom",,,,,,South,,,,,"איתור מנהרות, איתור סליקים, הריסתן, לוחמה בתווך תת קרקעי","בט""ש",,,,,,,"הופעת המנהרות באיזור רצועת עזה ","סמו""ר סליקים ומנהרות",,,"אביב חקאני ","דימה שוורץ, ניר דרוקר",,נמוכה,,,,,,,Samoor platoon,צוות המנהרות שפעל באיזור עזה משנת 2002,,מידת היוקרה של צוות המנהרות הראשון הייתה נמוכה ביותר והחיילם,,,,,"עזה, ציר פילדלפי",Caches and tunnels,,,,,Samoor platoon,"התמזגה עם יהל""ם ב-2004",,הפעלת רובוטים,,,,,,,,,2004,2003,
The 4th Battalion,Palmach,,,,,,Center,,,,,,,,,,,Palmach,,,הגדוד הרביעי גדוד המטה,,,,,,,,,,,,מיליציה,,,,,,,,,,Reconnaissance,,,,,The 4th Battalion,,,,,,,,,,,,1948,1944,
Sayeret 401 Armored Reconnaissance Company,Armor,,,,,,Center,,,,,,,,,,,,,הוקמה תוך כדי מלחמת יום הכיפורים,"פלס""ר 401",,,,,,,,,,,,,Sayeret 401 Armored Reconnaissance Company,,,,,,,,,Armor Reconnaissance,,Company,,,Sayeret 401 Armored Reconnaissance Company,,,,,,,,,,מלחמת יום כיפור,,1974,1973,
Paratroopers Anti-Tank Company,"ATM, Paratroopers Brigade 35",,,,,,Center,,,,,,,,,,,,,"לקחי מלחמת יום הכיפורים - מהפיכת הנ""ט",עורב צנחנים,,,"אמנון דותן ","יואב גוטסמן, אמיר ברעם, נמרוד אלוני, יאיר גולן, אביב כוכבי",,,,"לוחמים ממחלקות המק""כ (מקלע כבד 0.5 מ""מ) מהפלוגות המסייעות של כל אחד מגדודי הצנחנים.",,,,,Paratroopers Anti-Tank Company,חטיבת הצנחנים,,,,,,,,ATM,,,,,Paratroopers Anti-Tank Company,"גדס""ר צנחנים",,,,,,,,,,"בתחילת הדרך טילי עורב (טאו) בהמשך הכנסת מערכת ה""זמיר"" לאיתור מטרות וזיהויין, שדרוג טילי ""העורב"" והכנסת ההאמר כפלטפורמת הלחימה",2003,1974,
Paratroopers,Infantry,https://www.202.org.il/Pages/gdud_890/history/b1948.php,,,,,Haifa,,,,"May 24, 1949",הכשרת צנחנים למשימות מעבר לקווי האויב.,,"המשמעת הרופפת ותאונות האימונים הקטלניות הביאו את המטה הכללי להחלטה כי יש להחליף את המפקד, לנפות את מרבית הקצינים והחיילים ולבנות יחידה חדשה",,,,,"September 2, 1948",מלחמת העצמאות,יחידת הצנחנים הראשונה,,,Yoel Palgi,"קרל כהנא, יצחק ספקטור, חיים גורי, דן אבני, יוסף אגסי, דב אל-עמי, שמשון בר-נוי (נוימן), חיים גורי (גורפינקל), י. גלר, יצחק גרינולד, ראובן דרוסקין, יעקב וידיסלבסקי, ב. כהן, קרל כהנא, ארתור לנדמן, י. קופרשטיך, ושמואל קריינר.",,גבוהה,"אחוזה, חיפה","לקראת סוף שנת 1948 היו ביחידה 219 חיילים מהם 28 קצינים ו- 171 בעלי דרגות אחרות ",,,,"חי""ר",Paratroopers 1948,"צנחני הישוב, יוצאי גדוד 51, פלמ""ח",נמוכה,,,,,,,Airborne,"מתנדבים בעלי רקע מגוון, רמה נמוכה.",,שלוש פלוגות לוחמות ופלוגת הדרכה,,Paratroopers 1948,צנחנים,,היחידה לא הפכה מבצעית,,,קורס צניחה,,,,,,1949,1948,
"Nesher Mobile Company 414 ",Field Intelligence,,,,,,South,,,,,ויזינט - מודיעין קרבי,,,,,,,,,פלוגה ייעודית גדוד נשר 414 הנודדת,,,,,,,,,,,,,The Nesher (Eagle) 414,,,,,,,"Asher, Daniel (2013): Battlefield Intelligence. The Observer before the Camp. Combat Intelligence Collection Corps.",רצועת עזה גבול מצרים,Visint,,Company,,,The Nesher (Eagle) 414,,,,,,,,,,,,0,2000,
Combat Engineering Reconnaissance Platoon 601,"Combat Engineering Reconnaissance Platoons, Engineering",,,,,,Center,,,,,"איסוף מודיעין הנדסי, סריקת שטח","בט""ש",,,,,,,,"מחס""ר אסף 601 ",,,,,,גבוהה נמוכה,,,16 לוחמים,,,,Combat Engineering Reconnaissance Company 601,סיירת יעל,,,פלס-סייר,,,,,Reconnaissance,"בעבר לוחמים מצטיינים בגדוד, איתור מיוחד בעת גיבוש יהלם",Platoon,,,Combat Engineering Reconnaissance Company 601,,,"לוחמה, ניווטים, קורס מודיעין וסיור, הסוואה, פריצה , חבלה וקרב מגע, במסגרת האימון המתקדם.",,,,,,האמרים,,"אמצעי תצפית תרמי ""עמית"" ו""עמית-איכון"", וכן ""ערמון"" - משקפת הנדסית עם מד טווח לייזר, אמצעים מסווגים לניתוח קרקע ורמת עבירות. ",0,1994,
Nodedet Tel-Aviv,Haganah,,,,,,Jerusalem,,,,,הגנה מקומית,,,,,,Haganah,,"מאורעות תרפ""ט",הנודדת,Eliyahu Ben-Hur (https://www.notion.so/Eliyahu-Ben-Hur-a2f965e5fcf74f0386e71500d3dfeec3?pvs=21),,אלימלך זליקוביץ (כינוי: זליק או אבנר),"אלימלך זליקוביץ ",,נמוכה,,36 לוחמים,,הגנה דינאמית,,מיליציה,,,,,,,,,תל-אביב,Preventive,,,3 יחידות,,Nodedet,,,,,,,,,"משאיות, מכונית, אופנועים",,,1933,1929,
Yamas Jerusalem,"Police, YAMAS",,,,,,Jerusalem,,,,,פעילות מסוערבת,סיוע למשטרה מאבק בפשיעה - בתוך ישראל,,,מקצועי קבע,,,,,"ימ""ס ירושלים מסתערבים ",,,,,,"נמוכה - בט""ש",,,,,,,Yamas Jerusalem,,,,,,,,"מזרח ירושלים, מחנות פליטים",,"גיבוש בן שלושה ימים אחרי שירות בצה""ל",,,,Yamas Jerusalem,,36,,,"חמישה חודשים ",,,,,,,0,1990,
Sayeret 401 Armored Reconnaissance Company,Armor,,,,,,South,,,,,,,,,,,,,מלחמת ששת הימים,"פלס""ר 401",,,,,,,,,,,,,Sayeret 401 Armored Reconnaissance Company 1968,,,,,,,,דרום תעלת סואץ,Armor Reconnaissance,,,,,Sayeret 401 Armored Reconnaissance Company 1968,,,,,,,,,,מלחמת ההתשה,,1972,1968,
Intelligence Unit 805,Intelligence,,,,,,AMAN,,,,,לשכה לשירותים אסטרטגיים שתפעל במשימות של ריגול וחבלה,,,,,,,,הקמת חיל המודיעין,יחידה 805 (מודיעין 18) יחידת הסוכנים,,,,אברהם דר,,,משמר הים,,,,,,,מסתערבים,,,,,,,,,,,,,,"יחידה 131, יחידה 132",,,,,,,,,,,,1949,
Guards of the Trains and the Ports,"British Army, Haganah",,,,,,North,,,,,שמירה על מסילות הברזל בשיתוף עם הצבא הבריטי במקרה שהמרד הערבי יתחדש. בעיקר מסילת הברזל בין חיפה ללוד,,,,,,,,המרד הערבי,"נוטרי מסילות הברזל, שדות התעופה והנמלים",,,,,,נמוכה,,"723 מגויסים, מרביתם לא מההגנה. 434 נקראו לשירות ב-1938",,הגנה דינאמית,,מיליציה,Guards of the Trains and the Ports,,,,,,,,,Preventive,,,,,Guards of the Trains and the Ports,,,,,,,,,,,,1939,1937,
Egoz 621,"Golani Brigade, Infantry",,,,,Golani,North,,,,,לוחמת אנטי גרילה בתוואי השטח של דרום לבנון,"בלוחמה בגזרת הר חרמון, בט""ש גדה מערבית ועזה",,,,"Merged, The 89th Oz Brigade",OZ 89 Brigade,,המאבק עם חיזבאללה בדרום לבנון,יחידת אגוז אנטי גרילה ולוחמה זעירה,,," ארז צוקרמן"," משה (צ'יקו) תמיר",,נמוכה,,,,,,,Egoz Reconnaissance Unit,"סיירת אגוז, גולני",,,,,,,צפון,Commando,,Battalion,,,"""The 89th """"Oz"""" Brigade""",,37,"טירונות חי""ר ואימון מתקדם (7 חודשים); שלב מכין (חודשיים); שלב לחימה בסיסי; קורס צניחה (שבועיים); שלב לחימה מתקדם; הכוללים לוחמת שטח בתנאים שונים (אזורים מיוערים, לחימת סלעים, הסוואה ועוד, אימונים בתנאים קיצוניים בחרמון היחידה הוכשרה בבסיס אלייקים בבית ספר לוחמת גרילה שהוקם עבורה, פורק עם היציאה מלבנון והוקם מחדש אחרי מלחמת לבנון השניה",,16 חודשים,,,,,,,2015,1995,
"Palsar 500 ",Armor,,,,,,Center,,,,,"איסוף מודיעין, איתור איומים וביצוע משימות מיוחדות- רגליות ורכובות, תיחת תאי שטח לחטיבת השיריון","בט""ש",,,,,,,"עומס הפעילות על פלס""ר 7","פלס""ר 500 בהמשך פלס""ר 401",,,,,,,,,,,,,Palsar 500," Palsar 7",,,,,,,,Armor Reconnaissance,"גיוס לשריון, פרופיל וקב""א גבוהים, גיבוש",Company,,,Refaim,,,"טירונות חי""ר עם הנח""ל, אימון מתקדם, הכשרה ביחידה לוחמה בשטחים שונים, ניווט, הסוואה, איסוף מודיעין קרבי, קורס סיור ייעודי ",,14 חודשים,,,,"ג'יפים - חמישיות, האמרים","האינתיפאדה השניה, מלחמת לבנון השניה","חי""ר, אמצעי תצפית וסיור",2003,1992,
LOTAR Eilat Counterterrorism (Res) 7707,"CT, Regional, Southern Command",,,,,,South,,,,,,,,,,,,,,"לוט""ר אילת",,,,,,,,,,,,,LOTAR Eilat Counterterrirism (Res),,,,,,,,,CT,,,,,LOTAR Eilat Counterterrirism (Res),,,,,,,,,,,,0,1989,
Target Field Intelligence Battalion 5707,Air force,,,,,,Palamachim,,,,,הערכת נזק של מתקפות אויר בזמן אמת,,מיזוג עם שלדג,,,,Command of the Special Air Forces,,,"גדוד נשר 5707 תצ""מ תצפית מטרות",,,,,,,,,,,,,Battalion for Air Assignments (Shaldag) 5101,,,,,,,,"כא""מ - כוחות אויר מיוחדים",BDA,,Battalion,,,Battalion for Air Assignments (Shaldag) 5101,,,,,,,,,,,,2003,1996,
Reconnaissance Platoon Golani,"Golani Brigade, Infantry",,,,,,North,,,,,,יחידת ההתערבות של פיקוד צפון,,,,,,,,סיירת גולני,Uri Ilan (https://www.notion.so/Uri-Ilan-7ffa7de275854c27a4976afd384060fa?pvs=21),,,"צבי עופר, חיים ארדיטי",,,,,,,,,Reconnaisance Platoon Golani,פליטי חטיבת אלכסנדרוני,,,,,,,צפון,Reconnaissance,,Company,,,Reconnaisance Platoon Golani,101,,"קורס לוט""ר, מו""ס, צניחה, אימוני קרב מגע, ניווטים רבים, ולוחמת חי""ר",,20 חודשים עד 2002 מאז 16 חודשים,,,,,,,2001,1948,
Counter-NBC and  Company,"Engineering, Yahalom",,,,,,General,,,,,"יחידת האב""כ הסדירה הראשונה בצה""ל",,,,,,,,לקחי מלחמת המפרץ,אנקור,,,,,,,,,,,,,Counter-NBC and  Company,,,,,,,,,,,,,,Counter-NBC and  Company,,,,,,,,,,,,0,1993,
Intelligence 13 Wing,Intelligence,,,,,,AMAN,,,,,,לחבל בהכנות מדינות ערב למלחמה ובכוננותן המלחמתית בימי שלום ומלחמה,,,,,AMAN,,"ענף מבצעים שמאחד את היחידות לפעולות מיוחדות, אמור היה לכלול את שייטת 13 וטייסת 13 שלא הוקמה",ענף 13,Abraham Dar (https://www.notion.so/Abraham-Dar-3cc35ba8bfcc408cb986dfca3bb9d10f?pvs=21),Abraham Dar,חיים יערי ולנדר,,"הוקם על פי המודל של ה-SOE - מדור לחתרנות מבצעית ללוחמה זעירה בעומק ארצות האויב, ומדור ללוחמה פסיכולוגית/תעמולה שחורה",,,,,,,,Intelligence 13 Wing,,,,,,,,,Special Operations Command,,,,,Intelligence 13 Wing,,,,,,,,,,,,1950,1950,
Unit 755,Artillery,,,,,,,,,,,,,,,,,,,,"נ""ט 755",,,,,,,,,,,,,Unit 755,,,,,,,,,ATM,,,,,Unit 755,,,,,,,,,,,,1970,1956,
Navy,IDF,,,,,,,,,,,,,,,,,,,,,,,,,,,,,,,,,,,,,,,,,,,,Corps,,,,,,,,,,,,,,,,1948,
Special Operations Division,Intelligence,,,,,,,,,,,,,,,,,,,,,,,,,,,,,,,,,,,,,,,,,,,,,,,,,,,,,,,,,,,,1969,
Golani Anti-Tank Company,"Golani Brigade, Infantry",,,,,,North,,,,,"לוחמה נגד טנקים ונגד רק""ם טאו","יחידת חיל רגלים מובחרת למשימות התקפיות מורכבות, בט""ש.",,,,,Golani Brigade,,"לקחי מלחמת יום הכיפורים - מהפיכת הנ""ט",עורב גולני,,,מיקי מוסברג,,,,,,,,,,,,,,,,,,,ATM,ריכוז לוחמים מהפלוגות המסייעות של כל גדוד בחטיבה,,,,Golani Anti-Tank Company 1974,"פלחה""ן גולני, גדס""ר גולני",,,,,,,,,,,1975,1974,
The Balkan Platoon,Palmach,,,,,,,,,,,"בולגריה, הצלה וגרילה נגד הנאצים, יוגוסלביה והונגריה במטרה ליצור קשר עם מתחרות יהודיות ולקחת חלק במבצעי מודיעין, סלובקיה, עבור הפלמ""ח הצנחת עולים ואנשי הגנה ברומניה",עבור הצבא הבריטי - הברחת טייסים בריטים ואמריקאיים ממחנות שבויים לאיסטנבול,,,,,"British Army, Palmach",,מלחמת העולם השניה,המחלקה הבלקנית,,,שמואל גבעון (הקר),,,גבוהה,,,,מודיעין/לוחמה זעירה,,מיליציה,,"פלמ""ח",,,,,,,"ההגנה, הצבא הבריטי",Sabotage,,,,,The Balkan Platoon,צנחני היישוב,16,הכשרה בצניחה ולוחמה זעירה על-ידי המדור למבצעים מיוחדים של הצבא הבריטי,,,,,,,,,1945,1943,
Meitar 427,ATM,,,,,,North,,,,,,,,,,,,,,מיתר,,,,,,,,,,,,,Moran  427,,,,,,,,,ATGM,,,,,Meitar 427,,,,,,,,,,,,2017,1987,
"Southern Command ",IDF,,,,,,,,,,,,,,,,,,,,,,,,,,,,,,,,,,,,,,,,,,,,Command,,,,,,,,,,,,,,,,1948,
Unit 755,Artillery,,,,,,,,,,,,,,,,,,,,"נ""ט 755",,,,,,,,,,,,,Unit 755,,,,,,,,,ATM,,,,,Unit 755,,,,,,,,,,,,1973,1973,
Snowy Slope,"Engineering, Yahalom",,,,,,General,,,,,פריצה חמה וקרה,,,,,"Merged, Yahalom",,,כשלון החילוץ של נחשון וקסמן,מדרון מושלג,,,,,,,,,,,,,Snowy Slope,,,,,,,,,Hacking Unit,,,,,Snowy Slope,,,,,,,,,,,,0,1994,
Unit 101,"Infantry, Jerusalem Brigade",,,,,,Center,,,,,פעולות תגמול,,,,,,,,הסתננויות,יחידה 101,"Arik Sharon (https://www.notion.so/Arik-Sharon-7f1bad320bb64b8abc3e8d1af9f7016a?pvs=21), Shlomo Baum (https://www.notion.so/Shlomo-Baum-f2dbe97792ff44d1afe24d556de17c90?pvs=21)","Meir Har Zion, Arik Sharon",אריאל שרון,,,נמוכה,,,,,,מיון/הכשרה,Unit 101,החטיבה הירושלמית,גבוהה,גבוהה,,,,,,Retaliations,,Company,,,Airborne   (890),צנחנים,20,,,,,,,,,,1954,1953,
Special Operations Technological Unit 81,"Intelligence, Special Operations Division",,,,,,AMAN,,,,,,,,,,,AMAN,,,מבצעים מיוחדים,Yossi Langotsky (https://www.notion.so/Yossi-Langotsky-8b8b3e4877ff4e1cb64f69b7dc377c17?pvs=21),,,,,,,,,,,,Sayeret Matkal 262 269,,,,,,,"Margalit, Dan; Bergman, and Ronen. 2011. The Pit. Or Yehudah: Kineret : Zemorah-Bitan.",,,,,,,,,,,,,,,,,,,0,1969,
Boom Defense,British Army,,,,,,,,,,,"הגנת הנמל מצוללות, סירות נפץ ואנשי קומנדו ימי איטלקים",הברחת נשק עבור ההגנה,,,,,,,מלחמת העולם השניה,יחידת הגנת הנמל - Boom Defense,,,דוד הכהן,"מוריס אריה, לובה אליאב",,גבוהה,נמל חיפה,12 איש,,הגנה דינאמית,,מיליציה,Boom Defense,"הגנה, צבא בריטי",,,,,,,,,,,,,Boom Defense,,,"ימאים מיוצאי הכשרת הכ""ג, חפרים",,,,,,סירות,,פצצות עומק,0,1941,
Duvdevan 217,"89 Oz Brigade, Regional",,,,,,Center,,,,,,,,,,"Merged, The 89th Oz Brigade",OZ 89 Brigade,,,"217 דובדבן ",Uri Bar-Lev (https://www.notion.so/Uri-Bar-Lev-e277ff5c4da14c198cd27607ae3704bf?pvs=21),,,,,,,,,,,Judea and Samaria Division 877th Division,Duvdevan (Unit 217),,,,,,,,,CT,,,,,"""The 89th """"Oz"""" Brigade""",,36,,,,,https://duvdevanfoundation.org/en,,,,,,1986,
Special Night Squad,"British Army, Haganah",,,,,,North,,,,,הגנה דינאמית,הקמת צבא יהודי,האגרסיביות של וינגייט,,,,Haganah,,המרד הערבי,פלוגות הלילה המיוחדות,Israel Carmi (https://www.notion.so/Israel-Carmi-e5d8ed81108542f8aa104028d0090221?pvs=21),Orde Charles Wingate,אורד צ'רלס וינגייט,,לורנס איש ערב מהוגי רעיון הפעולות המיוחדות במסגרת המרד הערבי נגד האימפריה העות'מאנית,נמוכה,,"20 בריטים 24 אנשי פו""ש מיבנאל, מעוז ונהלל",37 חיילם בריטיים 75 נוטרים יהודים,הגנה דינאמית,,מיליציה,Pipeline Defenders Platoon,"מחלקת משמר צינור הנפט פלוגת האש ",,,,,,,איזור הצפון,Preventive,,,,,Palmach,,15,"פלגות (squads) שיפעלו בשיטת המארב הנייד. לשם הפעלתן היעילה היה צורך במודיעין איכותי וממוקד, בשיטות הסוואה שיאפשרו לשמר את ממד ההפתעה, קריאת מפות, מטווחים, תנועה בלילה, יצירת מגע עם האויב וניתוק מגע",,,,,,ארבע משאיות,,שני מקלעים,1938,1938,
Multi-Dimensional Ghost Unit 888,99 Division - The Maneuver Formation,,,,,,,,,,,,,,,,,,,,,,,,,,,,,,,,,,,,,,,,,,,,,,,,,,,,,,,,,,,,2020,
Polar Bear Unit 88,Armor,,,,,,South,,,,,הפעלת טנקי הטירן הסובייטיים שנלקחו שלל במלחמת ששת הימים טנקים קלים שניתן היה להנחית אותם מרחפות ולהסוות אותם כטנקים מצריים,,,,,,,,טנקי שלל מלחמת ששת הימים,דב לבן בהמשך גדוד 88 בחטיבה 274,,,יוסלה יודביץ,שלמה באום,,,,,,,,,Polar Bear Unit 88,"פלס""ר 7 היחידה השתייכה לחטיבה 8",,,,,,,,Armor  Commando,,,,,Polar Bear Unit 88,,,,,,,,,טנק טירן,מלחמת ההתשה מלחמת יום הכיפורים,,1974,1968,
"Nahal Anti-Tank Company ","Infantry, Nahal Brigade 933",,,,,,Center,,,,,,,,,,,,,,"פלנ""ט גזית - בהמשך עורב נח""ל",,,,,,,,,,,,,Nahal Anti-Tank Company,,,,,,,,,ATM,,,,,Nahal Anti-Tank Company,,,,,,,,,,,,0,1991,
Tactical Brigade Border Police,"Border Police, Police",,,,,,,,,,,,,,,,,,,,החטיבה הטקטית,,,,,,,,,,,,,,,,,,,,,,,,,,,,,,,,,,,,,,,,2017,
"Sayeret Givati ","Givati Brigade 84, Infantry",,,,,,South,,,,,,"אימצה את המורשת של שקד, וכמוה ביקשה להתמחות בפיקוד הדרום התמחות מיוחדת בעזה","הקמת גדס""ר גבעתי",,,,,,"לקחי מלחמת לבנון הצורך בחטיבת חי""ר נוספת",סיירת גבעתי,,,,"אילן סופר, אייל שליין, עמית ווינר, דן שוורצפוקס, עמוס גולדמן, אסף שביט, אייל אייזנברג, רז שגיא, בועז זלמונביץ, מוני כץ, מני מוזס, אלדד פלד, טל חרמוני, עופר וינטר, חזי נחמה, גור שרייבמן, לירון ארוך, אמיר זיגדון, ירון סימסולו, חנן בוחבוט, מוטי חיים",,,,,,,,,Sayeret Givati,,,,,,,,דרום,Reconnaissance,,Company,,,Sayeret Givati,,,"אימוני חי""ר מתקדמים, לוחמה בטרור, ניווטים, צניחה, סיור",,16 חודשים,,,,,,,2002,1983,
Maritime Demolition Unit,"Palmach, Palyam",,,,,,Navy,,,,,הפעלת סירות נפץ,,נטמעה בשייטת 13,,,,,,מלחמת העצמאות,יחידת החבלנים – קיסריה,,,יוחאי בן נון,"יגאל וייס,שאול אורן, אברמוב זלמן, ארד שרגא, ברוקמן יצחק, הוכברג צבי, וינטרוב דב, ורדי יעקב, זלינגר חנוך, טובלין זרובבל, סגל שלמה, ריטוב יעקב ושביט אברהם",הקומנדו הימי האיטלקי הפשיסטי המדריך קפריוטי,גבוהה,קיסריה,12 איש,,,,מיליציה,Maritime Demolition Unit,החוליה לחבלה ימית,,,מפעילי סירות נפץ,,,,,Naval,,,,,Flotilla 13,"השירות הימי, שייטת 13",,הפעלת סירות טורפדו קטנות,,,,,,סירות,,סירות נפץ שנרכשו באיטליה,1948,1948,
"Israel Police Special Patrol Unit ",Police,,,,,,Valleys,,,,,הפרות סדר על רקע בטחוני או פלילי,,,,מקצועי,,,,,"יס""מ",,,שמעון קורן,,,"מנמוכה בט""ש",,,,,,,Israel Police Special Patrol Unit,"יל""ס, יחידות להשלטת סדר, מקבילה לסיירת מג""ב",,,,,,,כלל ארצי,CT,"בוגרי יחידות קרביות, מבדקים מיונים",,,,Israel Police Special Patrol Unit,,,"קורס שוטרים, קורס לוחמי יס""מ",,,,,,"רכבי וואן מדגמי שברולט ""סוואנה"" שעברו הסבה‏, אופנועים, ג'יפים ממוגני ירי, טרקטורונים",,"רובי סער M16, אקדחי ""יריחו""‏, אמצעים לפיזור הפגנות‏, סולמות‏, אמצעי פריצה",0,1988,
Military Police Force 100,Military Police,,,,,,General,,,,,"כוח התערבות מהירה, שיטור בבתי סוהר צבאיים","בזמן שגרה הצוות מסייע במשימות כגון ספירת אסירים, חיפוש בתאים לפי מודיעין - בקרב אסירים בטחוניים מסוכנים (מחבלים).",,,,,,,,כוח 100,,,,,,"נמוכה - בט""ש",,,,,,,Military Police Force 100,,,,,,,,לפי מיקום מתקן הכליאה,,"יחידה התנדבותית, מיון, גיבוש",,,,Military Police Force 100,,,"טירונות יחידה או אימון הקמה, קורס לוט""ר, מכי""ם, אמצעי אל הרג",,בין 14 ל-18 חודשים,,,,,,,2006,1990,
Bomb Disposal Unit,Engineering,,,,,,General,,,,,,,,,,,,,מלחמת השחרור,"יחס""פ",,,"עמנואל שחר, רודי (ראובן) שפלן",מרדכי מרון,,גבוהה,,,,,,,Bomb Disposal Unit 1948,סלקי פצצות יהודים בצבא הבריטי,,,,,,,,Bomb disposal,,,,,Bomb Disposal Unit 1948,"סיירת יעל, יהלם, מחס""רים",,,,,,,,,,,1970,1948,
Kfir Brigade,99 Division - The Maneuver Formation,,,,,,,,,,,,,,,,,,,,,,,,,,,,,,,,,,,,,,,,,,,,Brigade,,,,,,,,,,,,,,,,2005,
135 Armored Reconnaissance Battalion,"7 Armored Brigade, Armor",,,,,,North,,,,,"איסוף מודיעין, איתור איומים וביצוע משימות מיוחדות- רגליות ורכובות, פתיחת תאי שטח לחטיבת השיריון","הכוונת מסק""רים וכוחות, תקיפת יעדים ועוד",,,,,,,,"פלס""ר 7",,,,,,גבוהה,,,,,,,9 Armored Brigade,"פלס""ר 7",בינונית,,,,,,"מטכ""לי",Armor Reconnaissance,"גיוס לשריון, פרופיל וקב""א גבוהים, גיבוש",,,,Palsar 7 Armored Reconnaissance Company,"פלס""ר 401, 188",,"טירונות חי""ר עם אגוז, אימון מתקדם, הכשרה ביחידה לוחמה בשטחים שונים, ניווט, הסוואה, איסוף מודיעין קרבי, קורס סיור ייעודי ",,14 חודשים,,,,"ג'יפים - חמישיות, האמרים","במלחמת לבנון השניה היחידה הכווינה מסק""רים ולא טנקים","חי""ר, אמצעי תצפית וסיור",1956,1954,
Unit 7555 - 5515,"98 Division - The Fire Formation, Central Command",,,,,,South,,,,,,,,,,,,,,יחידה 7555 נהיגה קרבית 5155,,,Rotem Shani,,,,,,,,,,Unit 252,,,,,,"בוחבוט, אמיר. 2015. “הצצה: היחידה הסודית בצה""ל שחדרה לבונקר חיזבאללה בלבנון.” Walla! April 23, 2015. https://news.walla.co.il/item/2848354?fbclid=IwAR0PuTe-LYDgEwN27EGC69x8zOQ5Ca5p34D9FZndThEjoe56XN49XgzSTRQ.",,,Combat Driving,,,,,,,,,,,,,,,,,,1988,
Unit 5707,Air force,,,,,,Air Force,,,,,,,,,,,,,," 5707 תצמ תצפית מטרות",,,,,,,,,,,,,,,,,,,,,,,,,,,,,,,,,,,,,,,2003,1974,
Combat Engineering Reconnaissance Platoons,Engineering,,,,,,,,,,,"איסוף מודיעין הנדסי, סריקת שטח","בט""ש",,,,,,,,,,,,,,גבוהה נמוכה,,,16 לוחמים,,,,,,,,פלס-סייר,,,,,,"בעבר לוחמים מצטיינים בגדוד, איתור מיוחד בעת גיבוש יהלם",Platoon,,,,,,"לוחמה, ניווטים, קורס מודיעין וסיור, הסוואה, פריצה , חבלה וקרב מגע, במסגרת האימון המתקדם.",,,,,,האמרים,,"אמצעי תצפית תרמי ""עמית"" ו""עמית-איכון"", וכן ""ערמון"" - משקפת הנדסית עם מד טווח לייזר, אמצעים מסווגים לניתוח קרקע ורמת עבירות. ",0,1993,
Paratroopers Reconnaissance Battalion 5135,"Infantry, Paratroopers Brigade 35",,,,,,Center,,,,,"להוביל את חטיבות החי""ר במוכנות ללחימה הקונבנציונאלית ובלחימה היום יומית בשטחי איו""ש ואזח""ע.","אגרוף לחימה איכותי נגד הטרור, תוך שילוב אמצעים שאינם קיימים בגדודי החי""ר הרגילים",,,,Restructured,,,פיקוד ושליטה משופרים החל מהפיקוד בזמן לחימה ועד להדרכה וללוגיסטיקה,"גדס""ר צנחנים 5135 גדוד שרף",Matan Vilnai (https://www.notion.so/Matan-Vilnai-720e0d2c7ca440be9cf52441e9e85376?pvs=21),,,,,,,,,,,,Paratroopers Reconnaissance Battalion (Gadsar),חטיבת הצנחנים,,,,,,,,Reconnaissance Battalion,,Battalion,,,Paratroopers Reconnaissance Battalion (Gadsar),,,,,"12 חודשים ",,,,,,,2020,2002,
Nodedet in Jerusalem Kiryat Anavim,Haganah,,,,,,Jerusalem,,,,,הגנה דינאמית,,מעבר לפלוגות השדה,,,,Haganah,,המרד הערבי,הנודדת בירושלים,Eliyahu Ben-Hur (https://www.notion.so/Eliyahu-Ben-Hur-a2f965e5fcf74f0386e71500d3dfeec3?pvs=21),Yitzhak Sadeh,Eliyahu Ben-Hur,"צבי ספקטור, ישראל בן יהודה (עבדו)",,נמוכה,בית וגן,,,הגנה דינאמית,,מיליציה,Nodedet,הנודדת,,,,,,,ירושלים,Preventive,חברי קבוצת היכון,,,,Mobile Guard,,15,"מארב והסתערות, מעבר מהגנה סטטית על השכונה לשיטת מארבים על הדרך אל השכונה וכן ירי אפקטיבי לעבר בסיס האויב בעין כרם",,,,,,טנדרים,,"תתי מקלע רימונים ",1939,1936,
Shimshon 367,"Regional, Southern Command",,,,,,South,,,,,,,,,,Dissolved,,,,שמשון,,,,,,,,,,,,,Shimshon (Unit 367),,,,,,,,,CT,,,,,,,36,,,,,,,,,,1996,1987,
"Haganah ",,,,,,,,,,"June 15, 1920",,,בניין כוח צבאי,הקמת המדינה,,,,,,"בתחילת חודש מרס הותקפה תל-חי ושישה ממגיניה נהרגו, ובראשם המפקד יוסף טרומפלדור. לאחר כמה שבועות פרצו מהומות דמים בירושלים (""מאורעות תר""ף - 1920"")",ההגנה,,,"חיים שטורמן, ירחמיאל לוקצ'ר ויהושע אייזיק",,הפעולות של גרמניה במזרח אפריקה בשנות העשרים ובעיקר מאלה של פאול פון לטו-פורבק,,,,,,,,HaShomer,השומר,,,,,,,,,,,,,IDF,"צה""ל",14,,,,,,,,,,1948,1920,
Bomb Disposal Unit 1970,"Engineering, Yahalom",,,,,,General,,,,,"ניטרול מטענים במבנים, סילוק תחמושת, פירוק מטענים מתוחכמים, ראשי קרב של טילים",,,,,,,,"הכרה של הרמטכ""ל בסלק כמקצוע ייחודי התנדבותי דוגמת טייס או צוללן","יחס""פ - ס""פ",,,מאיר סברייגו,יוסי רפאלוב,,,,,,,,,Bomb Disposal Unit 1970,"יחס""פ",,,סלק,,,,עזה,Bomb disposal,,,,,Bomb Disposal Unit 1970,,,,,,,,,,,,1995,1970,
7 Armor Reconnaissance Company,"Armor, Northern Command",,,,,,North,,,,,"איתור ונטרול מארבים וכוחות אויב, פתיחת הציר לפני החטיבה",איסוף מודיעין קרבי,קרב החרמונית מלחמת יום כיפור,,רגיל,,,,,,,,,,,גבוהה,,,,,,,Golani 19 Battalion,חטיבה 7,בינונית,,,,,,,Armor Reconnaissance,,Company,,,9 Armored Brigade,"פלס""ר 7, 401, 188",,,,,,,,ג'יפים,"מלחמת העצמאות, מלחמת ששת הימים, מלחמת יום-כיפור","נשק חי""ר",,1948,
"Northern Command ",IDF,,,,,,,,,,,,,,,,,,,,,,,,,,,,,,,,,,,,,,,,,,,,Command,,,,,,,,,,,,,,,,1948,
Counterterrorism school,"99 Division - The Maneuver Formation, Infantry, Marom",,,,,,Center,,,,,"הכשרה בתחומי לוט""ר, הסוואה, טג""ח, צלפים, קליעה",פעילות מבצעית עם יחידות אחרות,,,,,,,,"לוט""ר",,,עמוס קוצר,,,,,,,,,,Counterterrorism school,,,,,,,,מתקן אדם,CT,"מאז הקמת חטיבת כפיר, התגייסות לחטיבה וגיבוש",,,,Counterterrorism school,,,,,,,,,,,,,1974,
Sayeret Egoz 483,"Northern Command, Regional",,,,,,North,,,,,"כוח סיור להיערכות הגנתית, משימות ביטחון שוטף עיקוב וגישוש מניעת חדירות של חוליות פתח מגבול הצפון.",יחידת עלית שתהיה זמינה באופן קבוע ובעלת היכרות מעמיקה עם הגיזרה,פירוק הסיירות הפיקודיות,,,,,,החלטת הפיסגה הערבית על הטיית מי הירדן אבטחת המוביל הארצי,סיירת אגוז 483,,,חיים סלע,אבי תלם,,נמוכה,מחנה שנלר – הוילה בנצרת,,,,,,Sayeret Egoz 483,,,,,,,,צפון,Preventive,יחידה התנדבותית,,,,Sayeret Egoz 483,,,,,טירונות בגולני קורס סיור,"הלוחמים עברו טירונות בגולני ועברו ליחידה לקורס סיור עם תום הקורס קיבלו הלוחמים סמל 'כנפי אגוז'. לאחר מכן הם חזרו לגולני לקורס מ""כים. הם עברו גם קורס צניחה. רבים נשלחו לקורסים מקצועיים נהיגה, חובשים, חבלנים מד""סים",,,,,,1974,1963,
Intelligence Unit 504,Intelligence,,,,,,AMAN,,"מוסד, שב""כ",,,איסוף מידע מודיעיני באמצעות הפעלת סוכנים בקרבת גבולותיה של ישראל; חקירת שבויים שנופלים בשבי ישראל; מבצעים מיוחדים,,,,,,,,,יחידה 504,,,,"יהודה דנגורי, יהושע בר תקווה",,,,,,,,,Intelligence Unit 504,154,,,"קת""ם, קצין לתפקידים מיוחדים",,,,פרישה ארצית ובמדינות יעד,Operating agents,,,,,Intelligence Unit 504,,,"קת""מים מתלווים לפישטות של יחידות עלית מעבר לגבול",,,,,,,,,,1949,
Balnam 444,"99 Division - The Maneuver Formation, Marom",,,,,,,,,,,,,,,,,,,,,,,,,,,,,,,,,,,,,,https://www.idf.il/%d7%90%d7%aa%d7%a8%d7%99-%d7%99%d7%97%d7%99%d7%93%d7%95%d7%aa/%d7%96%d7%a8%d7%95%d7%a2-%d7%94%d7%99%d7%91%d7%a9%d7%94/%d7%9b%d7%9c-%d7%94%d7%9b%d7%aa%d7%91%d7%95%d7%aa/2021/%d7%91%d7%9c%d7%a0-%d7%9d-100-%d7%a9%d7%a2%d7%95%d7%aa-%d7%a2%d7%9c-%d7%94%d7%90%d7%9e%d7%a8-%d7%91%d7%9c%d7%91-%d7%9e%d7%93%d7%91%d7%a8-%d7%a0%d7%99%d7%95%d7%93-%d7%9e%d7%91%d7%a6%d7%a2%d7%99/,,,,,,,,,,,,,Balnam,,,https://www.idf.il/%D7%90%D7%AA%D7%A8%D7%99%D7%9D/%D7%96%D7%A8%D7%95%D7%A2-%D7%94%D7%99%D7%91%D7%A9%D7%94/2021/%D7%91%D7%9C%D7%A0%D7%9D-100-%D7%A9%D7%A2%D7%95%D7%AA-%D7%A2%D7%9C-%D7%94%D7%90%D7%9E%D7%A8-%D7%91%D7%9C%D7%91-%D7%9E%D7%93%D7%91%D7%A8-%D7%A0%D7%99%D7%95%D7%93-%D7%9E%D7%91%D7%A6%D7%A2%D7%99/,,,,,,2005,
ATM Recon Unit 70,Infantry,,,,,,,,,,,,,,,,,,,,"יחידת סיור נ""ט מס' 70",,,גד נגבי,,,גבוהה,,,,,,,ATM Recon Unit 70,דוכיפת,,,,,,,,,מילואים,,,,ATM Recon Unit 70,פלוגות העורב,,,,,,,,"רק""מ יעודי (רב""י ולאחר מכן רא""ם)",מלחמת יום כיפור מלחמת לבנון,טילי טאו,0,1968,
Natran,Artillery,,,,,,General,,,,,,,,,,,,,,יחידת נתרן - תותחנים מוסקים,,,,,,,,,,,,,Natran,,,,,,,,,Airborne Artillery,,,,,Natran,,,,,,,,,,,,1973,1973,
Senior General Staff Security Unit,,,,,,,General,,,,,,,,,,,,,,"צה""ל אבטחת אישים",,,,,,,,,,,,,Senior General Staff Security Unit,,,,,,,,,,,,,,Senior General Staff Security Unit,,,,,,,,,,,,,2001,
Commando Battalion 75 French Commando,"9 Brigade, Palmach",,,,,,South,,,,,,"אחרי המלחמה אבטחת גבולות מרחב הנגב; מארבים, מיקוש צירי תנועה",נטמע בגדוד הפשיטה התשיעי,,,,,,מלחמת השחרור,הקומנדו הצרפתי גדוד 75,,,טדי דיופרה (איתן),"יעקב דומבורובסקי, הרב פימה מימון",,גבוהה,,90 לוחמים 70 אנשי מנהלה,,,,,Commando Battalion 75 French Commando,,,,,,,,,Commando,גיוס עולים חדשים 90 מתוך 400 מגוייסים,Battalion,שתי מחלקות קומנדו ומחלקת מטה,,Commando Battalion 75 French Commando,התמזגה בגדוד 9,,,,,,,,,,"טומיגן, ברן, שפנדאו, חבלה, מטולי פיאט",1948,1948,
Reconnaissance Company 9th Battalion,"9 Battalion, Negev Brigade, Palmach",,,,,,South,,,,,"הפעלת זחלמ""ים עם תותחי 20 מ""מ כנגד משוריינים מצריים",,"הקמת צה""ל",,,,,"March 28, 1948",מלחמת השחרור,פלוגת סיור גדוד הפשיטה הממוכן 9,,Israel Carmi,ישראל כרמי,,,גבוה,שטח דפו ליד קיבוץ רוחמה,270 לוחמים,,,,"חיר""ם",Reconnaissance Company 9th Battalion,"פלמ""ח",,,,,,,,,,,2 יחידות,,Reconnaissance Company 9th Battalion,חטיבה 7 חיל השריון,,,,,,,,"ג'יפים, זחלים",,,1948,1948,
Unit Daya,Artillery,,,,,,,,,,,,,,,,,,,,,,,,,,,,,,,,,,,,,,,,,,,,,,,,,,,,,,,,,,,2020,2018,
Bat (ATALEF) Unit,"Regional, Sayeret Shaked 424, Southern Command",,,,,,South,,,,,,,,,,,,,,יחידת עטלף,,,,,,,,,,,,,Sayeret Shaked 424,,,,,,,,,Optical observations,,,,,Bat (ATALEF) Unit,,,,,,,,,,,,1966,1966,
Special Operations Unit,Haganah,,,,,,Center,,,,,מאבק בבריטים,,פרוץ מלחמת העולם השניה,,,,Haganah,,פרסום הספר הלבן,"יחידה מיוחדת לפעולות מיוחדות פו""ם ","Yitzhak Sadeh (https://www.notion.so/Yitzhak-Sadeh-44483e3a2aae40ff9d8f94f41b34eabe?pvs=21), מוניה מרדור (מאיר/מרדכי מרדור) (https://www.notion.so/4cec0311418e4410b2b0024e5a4e57d6?pvs=21)",Yitzhak Sadeh,יצחק שדה,"מוניה מרדור, חיים לסקוב, אברהם נגב",,נמוכה,,,,הגנה דינאמית,,מיליציה,Filed Companies,פלוגות השדה,,,,,,,פרישה ארצית,Clandestine,,,,,Palmach,,15,,,,,,,,,,1941,1939,
"Nitzan 636 ",Field Intelligence,,,,,,Center,,,,,ויזינט - מודיעין קרבי,,,,,,,,,,,,,,,,,,,,,,The Nitzan 636,,,,,,,"Asher, Daniel (2013): Battlefield Intelligence. The Observer before the Camp. Combat Intelligence Collection Corps.",גדה מערבית,Visint,,Platoon,,,The Nitzan 636,,,,,,,,,,,,0,2000,
Shaked Chameleon Zikit,"Regional, Southern Command",,,,,,Gaza,,,,,המנעה הסתערבות,,,,,,Granade Rimon,,"התגברות פח""ע ברצועת עזה",זיקית,,,משה רובין,,,נמוכה,,,,,,,Sayeret Shaked 424,שקד,,,,,,,דרום,Preventive,לוחמים ותיקים בשקד,,,,Sayeret Shaked 424,,,"ניווטים, לש""ב אקדחים ונשק אוטומאטי, סכינים, טכניקות הסתערבות",,,,,,"כלי רכב מקומיים, מוניות",,אקדחים,1970,1970,
Oketz Unit  Canine Special Forces 7142,"99 Division - The Maneuver Formation, Infantry, Marom",,,,,,Center,,,,,הפעלה ואימון כלבים למשימות לחימה ייעודיות בכל הגזרות ובמיוחד בשטחים. המטרה המבצעית של יחידת עוקץ היא סיכול טרור ומניעת פגיעה בכוחותינו,,,,,,,,התגברות הטרור,עוקץ,,,,,,,סירקין,,,,,,Oketz Unit  Canine Special Forces 7142,,,,,,,,,Canine,גיבוש חטיבת כפיר,,,,Oketz Unit  Canine Special Forces 7142,,,,,שמונה עשר חודשים,"רובאי 7 וכן ניווט, לוחמה בטרור, לש""ב ולוחמה בשטח סבוך",,,,,,,1974,
Jewish Paratroops🇬🇧,British Army,,,,,,Europe,,,,,החדרת סוכנים של ההגנה לשטחי כיבוש נאצים,,,,,,"British Army, Palmach",,מלחמת העולם השניה,צנחני הישוב,,,דן לנר,"חנה סנש, חביבה רייק, חיים אנצו סירני, חיים יערי ולנדר",,גבוהה,רמת דוד,240 מתנדבים 110 התקבלו,,מודיעין/לוחמה זעירה,,שילוב,"The Balkan Platoon, The German Platoon","פלמ""ח, הבריגדה היהודית",,,,,,,דרום מזרח אירופה,Commando,מתנדבים יוצאי ארצות הכיבוש,,,,,,,"צניחה, קריאת מפות ואימון בשיטות פעולה של קומנדו ומחתרת",,,,,,,,,1944,1944,
Maglan 212,"89 Oz Brigade, ATM",,,,,,Center,,,,,"נ""ט",,,,,"Merged, The 89th Oz Brigade",OZ 89 Brigade,,לקחי מלחמת יום הכיפורים,מגלן 212,Doron Rubin (https://www.notion.so/Doron-Rubin-c839c03af673420e84fad9d6a66dd646?pvs=21),,,,,מלחמה קונבנציונאלית,,,,,,,Maglan 212,,,,,,,,,ATGM,בשלב הראשון פליטי צנחנים בפברואר 1968 התחיל גיוס ישיר,,,,Maglan 212,,"39,37",,,,,,,,,,,1986,
Palmach,"British Army, Haganah",,,,,,,,הבריגדה היהודית,,,הגנה על היישוב נוכח התקדמות הצבא הגרמני לפלשתינה,בסיס לצבא,"הקמת צה""ל",,,,Haganah,,מלחמת העולם השניה,"פלמ""ח","Yigal Allon (https://www.notion.so/Yigal-Allon-7bb5ae48ec6147d7a7f58493b390bd63?pvs=21), Yitzhak Rabin (https://www.notion.so/Yitzhak-Rabin-db05b8d9189e4440bf86606575467ff2?pvs=21), Yitzhak Sadeh (https://www.notion.so/Yitzhak-Sadeh-44483e3a2aae40ff9d8f94f41b34eabe?pvs=21)",,Yitzhak Landoberg Sadeh,"יגאל אלון, משה דיין",,נמוכה גבוהה,,300,,,,מיליציה,Filed Companies,"הגנה, נודדת, פו""ש",גבוהה,גבוהה רוח היחידה כמכשיר גיוס היחידות המיוחדות כמשיר מגייס,,,,,,,"ראשוני הפלמ""ח היו אנשי הנודדת והפו""ש",,,,IDF,"צה""ל",16,"בימיו הראשונים נקבע כי הפלמ""ח יתמקד בלוחמה זעירה, פעולות סיור, חבלה גישוש ותקיפה",,שבוע אימונים אחת לחודש,,,,,,,1948,1941,
Border Police Reconnaissance Unit - North,"Police, SAMAG",,,,,,North,,,,,,,,,,,,,,סיירת מגב צפון,,,,,,,,,,,,,Israeli Police Border Reconnaisance - North,,,,,,,,,Reconnaissance,,,,,Israeli Police Border Reconnaisance - North,,,,,,,,,,,,0,1982,
" Nitzan Target Field Intelligence Unit 636",Field Intelligence,,,,,,North,,,,,"Special combat intelligence missions include locating terrorists, and means of warfare of terrorist organizations, building a bank of targets for emergencies and war and eliminating targets while using various firefighting forces used by the IDF.",,Assimilation in the 869th Seagull Battalion in the Galilee Division,,,,Division 36,,מתן מודיעין בזמן-אמת לכוחות הפועלים והכוונת אש לעבר אויב בדרום לבנון,"יחידת מודיעין מטרות יחמ""מ",,,סגן-אלוף יוסי גרינפלד,,,,"Mattat 33.040408, 35.354847",,,,,,Nitzan Target Field Intelligence Unit,,,,,,,"Asher, Daniel (2013): Battlefield Intelligence. The Observer before the Camp. Combat Intelligence Collection Corps.",North,Intelligence Field,"Health Profile 97; High Test Scores, Interviews.
Recruitment to the 869th Battalion two weeks selection course",,,,Battalion 869,,,,,,"Navigation, camouflage, specialization in dedicated means, open and built-up area combat, journeys with heavy weights, schedule (miniature warfare), observation, directions, reconnaissance and intelligence, combat training and advanced training (20 weeks of training and another 24 weeks of advanced training, total 44 Initial training weeks) are held at the Combat Collection School in the Rangers Valley in the south of the country, unit training and phase B are carried out at the unit's mother base in the Upper Galilee",,,,,,2000,1993,
Palyam Sea Company,"Palmach, Palyam",,,,,,Navy,,,,,סיוע למעפילים,פעילות חבלה נגד מטרות ערביות במהלך מלחמת השחרור,"פירוק הפלמ""ח",,,,,,המגבלות של הבריטים על העליה,"פלי""מ - החוליה לחבלה ימית",,,יוחאי בן-נון,,,נמוכה גבוהה,שדות ים קיסריה,,,לוחמה זעירה,,מיליציה,Palyam Sea Company,"פלמ""ח הגדוד הרביעי",,"גבוהה, בני מרשק, חיים חפר, דן בן אמוץ",,,,,,Naval,,,,,Flotilla 13,"השירות הימי, שייטת 13",,,,,,,,,,,1948,1945,
Sky Rider Unit 5353,162 Division,,,,,,,,,,,,,,,,,,,,,,,,,,,,,,,,,,,,,,Units%20January%202026/_.pdf,,,,,,,,,,,,,,,,,,,,,,2010,
Paratroopers Engineer Company 505 - Coluber,Infantry,,,,,,Center,,,,,"פשיטות חבלה בעורף האויב וכן כל מבצע הנדסי רכוב, רגלי או מוצנח.","בט""ש",,,,,,,,"פלחה""ן צנחנים",Yitzhak Mordechai (https://www.notion.so/Yitzhak-Mordechai-f08077a05b59459295f13b2647f1fd53?pvs=21),,מייק מיכאלי קיש,,,,,,,,,,Paratroopers Engineer Company,מחלקת חבלה מסגרת חטיבת המילואים 80,,,,,,,,Engineering,,,,,Paratroopers Engineer Company,"פלחה""ן במסגרת הגדס""ר",,,,,,,,,,,2002,1963,
The German Platoon,Palmach,,,,,,North,,,,,פעילות מודיעין וחבלה בשטחים כבושים על-ידי גרמניה וביחידות גרמניות בשירות הצבא הבריטי,"סיוע להעפלה, פעולות נקם בגרמנים",צירוף לבריגדה היהודית,,,,Palmach,,מלחמת העולם השניה,המחלקה הגרמנית,Shimon Avidan (https://www.notion.so/Shimon-Avidan-1c0a72abd49648fd8a8b79e2c55f3fae?pvs=21),,שמעון אבידן (קוך),"יהודה בן-חורין (בריגר), אהרון יריב (רבינוביץ'), אברי אלעד","קשה לקבוע, אנשיו של סקורנצי פעלו באופן דומה",גבוהה,משמר העמק,,,מודיעין/לוחמה זעירה,,מיליציה,,"הגנה, הצבא בריטי",,,,,,,,Clandestine,עולים ממרכז אירופה דוברי גרמנית כשפת אם,,,,The Balkan Platoon,,16,,,,,,,,,,1942,1941,
118 Squadron Nocturnal Birds of Prey Squadron,Air force,,,,,,Air Force,,,,,"חילוץ נפגעים, פינויים מקווי החזית ובמבצעים משולבים, תובלת סער",הטסת לוחמי יחידות עלית למבצעים בעומק שטח האויב,,,,,,,קליטת מסוקי יסעור,טייסת דורסי הלילה,,,,,,,,,,,,,118 Squadron Nocturnal Birds of Prey Squadron,מובילי הלילה,,,,,,,,Landing of forces,,,,,118 Squadron Nocturnal Birds of Prey Squadron,,,הפעלת מסוקי יסוער,,,,,,מסוקי יסעור,,,,1970,
Nahal Reconnaissance Platoon 150,"Regional, Southern Command",,,,,,South,,,,,"ליווי שיירות בנגב, סיורים בנגב מאבק במסתננים",,,,,,,,הרצח במעלה העקרבים,"סיירת נח""ל ערבה 150",Yossi Langotsky (https://www.notion.so/Yossi-Langotsky-8b8b3e4877ff4e1cb64f69b7dc377c17?pvs=21),,"יעקב ארנון, צבי לבנון",,,נמוכה,,90 לוחמים,,,,,Unit 30,,,,,,,,דרום,Preventive,,Platoon,חמש מחלקות,,"Airborne  Reconnaisance (890), Sayeret Shaked 424",נטמעה ב-890,20,,,,,,,"עשרים ג'יפים, עשרה קומנדקרים, מוס קל",,,1954,1954,
SAPIR,"Engineering, Yahalom",,,,,,,,,,,טיפול בתחמושת אוירית,,,,,,,,,"ספי""ר",,,,,,,,,,,,,,,,,סלק,,,,צפון,,,,,,,,,,,,,,,,,,0,1970,
Yatam (rapid response unit) the valleys,Central Command,,,,,,,,,,,,,,,,,,,,,,,,,,,,,,,,,,,,,,,,,,,,,,,,,,,,,,,,,,,,2017,
General Staff Visual Intelligence Unit - Mobile Company,Field Intelligence,,,,,,General,,,,,,,,,,,,,,"יחידת תצפיות מטכ""לית ניידת",,,,,,,,,,,,,"Sayeret Matkal 262 269, Visual Intelligence Unit 1973",,,,,,,"Asher, Daniel (2013): Battlefield Intelligence. The Observer before the Camp. Combat Intelligence Collection Corps. P. 127","מטכ""לי",Visint,,,,,,,,,,,,,,,,,1980,1976,
Sayeret Yael Combat Engineering Reconnaissance,"Engineering, Yahalom",https://news.walla.co.il/item/2627668,,,,,General,,,,,"השמדת תשתיות אויב, כניסה חשאית ופילוס נתיבים בשדות מוקשים וזירות מטענים, מיקוש והטמנת מטענים, מעבר מכשולי מים, סיור ואיסוף מודיעין הנדסי, פריצת מכשולים","שימוש בחומרי חבלה בפעילות בט""ש",,,,"Merged, Yahalom",,,לקחי מבצע שלום הגליל,סיירת יעל,,,,,,גבוהה,,,,,,,Unit 630,אגד הצליחה של חיל ההנדסה,,,,,,,בעיקר צפון,Engineering,,,,,Yahalom,"יהל""ם",,"חי""ר, חבלה, הישרדות בתנאי שדה, לוחמה בטרור",,,,,,,,,0,1982,
Almagor,Field Intelligence,,,,,,North,,,,,,,,,,,,,,,,,,,,,,,,,,,Almagor,,,,,,,"Asher, Daniel 2013: Battlefield Intelligence. The Observer before the Camp. Combat Intelligence Collection Corps.",,Visint,,Company,,,Almagor,,,,,,,,,,,,0,2000,
Nodedet Jordan Valley,Haganah,,,,,,Jordan Valley,,,,,הגנה מקומית,,,,,,Haganah,,,מחלקות נודדות,,,,,,נמוכה,,,,הגנה דינאמית,,מיליציה,Nodedet,ההגנה,,,,,,,תל-אביב,Preventive,בחירה על בסיס תעוזה ויכולת למלא משימות מגוונות,,"2 יחידות רכובות  ",,Nodedet,,,"אימוני שדה, רימוני יד, ירי ברובים ובמקלעים, האימונים היו מורכבים יותר מאלה של אנשי ה'שורה' בתל-אביב",,,,,,כלי רכב אישיים ואופנועים,,,1933,1931,
Police,,,,,,,,,,,,,,,,,,,,,,,,,,,,,,,,,,,,,,,,,,,,,,,,,,,,,,,,,,,,,1948,
Unit 669 Airborne Rescue And Evacuation,"Air force, Wing 7",,,,,,Air Force,,,,,,,,,,,Command of the Special Air Forces,,,669,,,,,,,,,,,,,Unit 669 Airborne Rescue And Evacuation,,,,,,,,,SAR,,,,,Unit 669 Airborne Rescue And Evacuation,,"35,33",,,,,,,,,,0,1974,
Negev Animals 2 Beeri,"Negev Brigade, Palmach",,,,,,South,,,,,אבטחת קוו המים המערבי,,,,,,Palmach,,תכנית החלוקה,חיות הנגב מחלקת בארי,,,,,,,,"20 לוחמים ",,סיור/לוחמה זעירה,,מיליציה,Negev Animals 2 Beeri,"פלמ""ח",,עכברי המדבר,,,,,דרום גזרה מערבית,,הרזרבה של משקי עמק יזרעאל,Platoon,,,Negev Animals 2 Beeri,"פלוגת הסיור, גדוד 9, חטיבת הנגב",,,,,,,,,,,1948,1947,
Mobile Guard,Haganah,,,,,,North,,,,,הגנה על יישובים חקלאיים בעמק ובגליל,,,,,,Haganah,,המרד הערבי,המשמרות הנעים פלוגה נודדת ופלוגה מעופפת,,Yitzhak Sadeh,,,,נמוכה,,,,הגנה דינאמית,,מיליציה,Nodedet in Jerusalem,,,,,,,,,Preventive,,,,,Filed Companies,,,,,,,,,,,,1939,1937,
Negev Animals 1 Shiloni,"Negev Brigade, Palmach",,,,,,South,,,"December 20, 1947",,הגנה על קווי המים ועל הדרכים שבין היישובים,,,,,,Palmach,,תכנית החלוקה,חיות הנגב מחלקת שילוני,,,שמחה שילוני,דודק'ה מגן ,,נמוכה וגבוהה,,50 לוחמים,,סיור/לוחמה זעירה,,מיליציה,Negev Animals 1 Shiloni,"פלמ""ח, מ""ן",,"כינו את עצמם ""חיות הנגב"" והחליטו שהגמל יהיה סמלם",,,,,דרום משמר הנגב,,גיוס מילואים ררבה מחיפה,Platoon,,,Negev Animals 1 Shiloni,"פלוגת הסיור, גדוד 9, חטיבת הנגב",,,,,,,,"ג'יפים, משוריינים",מלחמת העצמאות איסדוד,"רובי אנפילד, תתי מקלע סטן ושני מקלעי ברן, מכשירי קשר",1948,1947,
Reconnaissance Battalion 87,Armor,,,,,,South,,,,,,,הגדוד נפגע קשות בקרבות החוה הסינית עד שחדל להתקיים,,,,,,,"גדס""ר 87 מילואים",,,"בנצי כרמלי, יואב ברום",,"פלס""ר 87 של חטיבה 8 במהלך מלחמת העצמאות",גבוהה,,,,,,,Reconnaissance Battalion 87,אוגדה 143,,,,,,,,Armor Reconnaissance,,,,,Reconnaissance Battalion 87,"פלס""ר חטיבת 421",,גדוד סיור משוריין,,,,,,,מלחמת יום כיפור,,1974,1973,
Givati Reconnaissance Battalion (Gadsar),"Givati Brigade 84, Infantry",,,,,,South,,,,,,"אגרוף לחימה איכותי נגד הטרור, תוך שילוב אמצעים שאינם קיימים בגדודי החי""ר הרגילים",,,,,,,פיקוד ושליטה משופרים החל מהפיקוד בזמן לחימה ועד להדרכה וללוגיסטיקה,"גדס""ר גבעתי גדוד שועלי שמשון",,,,"ון אשרוב, עופר וינטר, גיא ביטון, גור שרייבמן, חזי נחמה, אליעד מאור (מואטי)",,,,,,,,,Givati Reconnaissance Battalion (Gadsar),,,,,,,,,Reconnaissance Battalion,,Battalion,,,Givati Reconnaissance Battalion (Gadsar),,,,,,,,,,,,2020,2002,
Intelligence Unit 154 - Intelligence 10,Intelligence,,,,,,AMAN,,,,,"Humint, Intelligence Gathering, מודיעין",,,,,,,,,"יחידה 154 קת""מ מודיעין 10",,,דוד קרון,"אברהם ארנן, אברהם כהן, יעקב (ז'ק) צביה, רחביה ורדי, חיים שדמי",,גבוהה,,,,,,נמוכה,Intelligence Unit 154,"ש""י, שירות מודיעין 1",נמוכה,,,,,,פרישה ארצית ובמדינות יעד,HUMINT,,,,,"Intelligence Unit 504, Sayeret Matkal 262 269","סיירת מטכ""ל, 504",,"ליקוט מידע על צבאות ערב השכנים, נתוני שטח וידיעות על תשתית",,,,,,,,יומינט,,1949,
Nahal Reconnaissance Battalion (Gadsar),"Infantry, Nahal Brigade 933",,,,,,Center,,,,,,"אגרוף לחימה איכותי נגד הטרור, תוך שילוב אמצעים שאינם קיימים בגדודי החי""ר הרגילים",,,,,,,פיקוד ושליטה משופרים החל מהפיקוד בזמן לחימה ועד להדרכה וללוגיסטיקה,"גדס""ר נח""ל",,,,,,,,,,,,,Nahal Reconnaissance Battalion (Gadsar),,,,,,,,,Reconnaissance Battalion,,Battalion,,,Nahal Reconnaissance Battalion (Gadsar),,,,,,,,,,,,2020,2002,
Intelligence 132,Intelligence,,,,,,AMAN,,,,,,,,,,,,,,יחידה 132,,,,,,,,,,,,,Research 2,,,,,,,,,,,,,,,,,,,,,,,,,,1949,1949,
Shayetet 13,Navy,,,,,,Navy,,,,,,,,,,,,,,שייטת 13,"Yohai Ben-Nun (https://www.notion.so/Yohai-Ben-Nun-a52336419e9b46419ec9b8fdf0e61a4f?pvs=21), Ami Ayalon (https://www.notion.so/Ami-Ayalon-f42c3da7191f4dfe86bdb481b8ded043?pvs=21), Fiorenzo Capriotti (https://www.notion.so/Fiorenzo-Capriotti-48f3b8ce57784a0797c3f8ccb43caa0e?pvs=21), Yosef Dror (https://www.notion.so/Yosef-Dror-4201c161c07d4911990cc230887e514e?pvs=21), Zeev Almog (https://www.notion.so/Zeev-Almog-927e924d8501432c88030a6aa8c9f1ae?pvs=21)",,,,,,עתלית,,,לוחמה זעירה,Barzelit;,,"Divers, Palyam Sea Company, Port Company, The 4th Battalion",,,,,,,,,Naval Commando,,Brigade,,,,,35,,,,,,,,,,,1950,
Nahal unit before 101,,,,,,,,,,,,,,,,,,,,,,,,,,,,,,,,,,,,,,,,,,,,,,,,,,,,,,,,,,,,1953,1950,
Golani Engineering company,"Golani Brigade, Infantry",,,,,,North,,,,,"לחימת חי""ר תוך שילוב כשירויות הנדסה וחבלה: התמודדות עם מוקשים ומטענים, מילכוד מתקני אוייב, פילוס נתיבים והקמת גישור וביצורים, פיצוץ, פריצה והשמדה.","במלחמת יום הכיפורים שימשה הפלחה""ן כסיירת",,,,,,,,"פלחה""ן גולני מילואים",,,שייקה ארז,,,,,23 לוחמים,,,,,Golani Engineering company,"סיירת אגוז, גולני",,,,,,,,Engineering,ריכוז של 50 חיילים משלושת גדודי החטיבה במסגרת גדוד 601 של הנדסה קרבית,Company,פלוגה,,Golani Engineering company,סיירת ארז - אלפיניסטים - אגוז,,"בעיקר מארבים, המנעה",,,,,,"ג'יפים וקומנדקרים ","ששת הימים, התשה, יום כיפור",ציוד ייחודי למארבים אמצעים לראיית לילה שפותחו עם רפאל,2001,1965,
Laskov Team - Weapons Development Unit,Engineering,,,,,,,,,,,,,,,,,,,,,David Laskov (https://www.notion.so/David-Laskov-6d1359bf243f46a680901ea78e22941c?pvs=21),,,,,,,,,,,,,,,,,,,,,,,,,,,,,,,,,,,,,,1970,1958,
Egoz 621,"89 Oz Brigade, Infantry",,,,,,North,,,,,לוחמת אנטי גרילה בתוואי השטח של דרום לבנון,"בלוחמה בגזרת הר חרמון, בט""ש גדה מערבית ועזה",,,,"Merged, The 89th Oz Brigade",OZ 89 Brigade,,המאבק עם חיזבאללה בדרום לבנון,יחידת אגוז אנטי גרילה ולוחמה זעירה,,," ארז צוקרמן"," משה (צ'יקו) תמיר",,נמוכה,,,,,,,Egoz Reconnaissance Unit,"סיירת אגוז, גולני",,,,,,,צפון,Commando,,Battalion,,,"""The 89th """"Oz"""" Brigade""",,37,"טירונות חי""ר ואימון מתקדם (7 חודשים); שלב מכין (חודשיים); שלב לחימה בסיסי; קורס צניחה (שבועיים); שלב לחימה מתקדם; הכוללים לוחמת שטח בתנאים שונים (אזורים מיוערים, לחימת סלעים, הסוואה ועוד, אימונים בתנאים קיצוניים בחרמון היחידה הוכשרה בבסיס אלייקים בבית ספר לוחמת גרילה שהוקם עבורה, פורק עם היציאה מלבנון והוקם מחדש אחרי מלחמת לבנון השניה",,16 חודשים,,,,,,,,2015,
Samson Foxes,"54 Battalion, Givati Brigade",,,,,,,,,,,,,,,,,,,,,,,,,,,,,,,,,,,,,,,,,,,,,,,,,,,,,,,,,,,,1949,
Mechanized Infantry - Alon,500 Brigade,,,,,,,,,,,,,,,,,,,,,,,,,,,,,,,,,,,,,,,,,,,,,,,Kfir Brigade,,,,,,,,,,,,,1988,
Ayit 595,Field Intelligence,,,,,,Northern,,,,,ויזינט - מודיעין קרבי,,,,,,,,,,,,,,,,,,,,,,,,,,,,,"Asher, Daniel (2013): Battlefield Intelligence. The Observer before the Camp. Combat Intelligence Collection Corps.",,Visint,,Battalion,,,,,,,,,,,,,,,0,2000,
Kfir Brigade 900,"99 Division - The Maneuver Formation, Division 99, Kfir Brigade",,,,,,Center,,,,,,,,,,,,,,"סיירת חרוב ",,,,,,,,,,,,,,,,,,,,,,,,Brigade,,,,,,,,,,,,,,,,2017,
Mechanized Infantry,,,,,,,,,,,,,,,,,,,,,,,,,,,,,,,,,,,,,,,,,,,,,,,,Kfir Brigade,,,,,,,,,,,,,1988,
Mechanized Infantry - Eshchar,401 Brigade,,,,,,,,,,,,,,,,,,,,,,,,,,,,,,,,,,,,,,,,,,,,,,,Kfir Brigade,,,,,,,,,,,,,1988,
Mechanized Infantry - Ashuach,500 Brigade,,,,,,,,,,,,,,,,,,,,,,,,,,,,,,,,,,,,,,,,,,,,,,,Kfir Brigade,,,,,,,,,,,,,1988,
Mechanized Infantry - Eshbal,401 Brigade,,,,,,,,,,,,,,,,,,,,,,,,,,,,,,,,,,,,,,,,,,,,,,,Kfir Brigade,,,,,,,,,,,,,1990,
Mechanized Infantry - Oren,188 Brigade,,,,,,,,,,,,,,,,,,,,,,,,,,,,,,,,,,,,,,,,,,,,,,,Kfir Brigade,,,,,,,,,,,,,1992,
Sayeret Alon,,,,,,,,,,,,,,,,,,,,,,,,,,,,,,,,,,,,,,,,,,,,,,,,,,,,,,,,,,,,,,
Unit 5252,Artillery,,,,,,,,,,,,,,,,,,,,,,,,,,,,,,,,,,,,,,,,,,,,,,,,,,,,,,,,,,,,2000,
Meitar 427,ATM,,,,,,North,,,,,,,,,,,,,,מיתר,,,,,,,,,,,,,Moran  427,,,,,,,,,ATGM,,,,,Meitar 427,,,,,,,,,,,,,2020,
Sayeret Golani,,https://www.idf.il/%D7%90%D7%AA%D7%A8%D7%99-%D7%99%D7%97%D7%99%D7%93%D7%95%D7%AA/%D7%97%D7%98%D7%99%D7%91%D7%AA-%D7%92%D7%95%D7%9C%D7%A0%D7%99/%D7%9B%D7%9C-%D7%94%D7%9B%D7%AA%D7%91%D7%95%D7%AA/2018/%D7%9E%D7%92%D7%93%D7%A1-%D7%A8-%D7%9C%D7%A1%D7%99%D7%99%D7%A8%D7%AA-%D7%94%D7%A6%D7%A6%D7%94-%D7%9C%D7%9E%D7%94%D7%A4%D7%9B%D7%94-%D7%91%D7%99%D7%97%D7%99%D7%93%D7%AA-%D7%94%D7%97%D7%95%D7%93-%D7%A9%D7%9C-%D7%92%D7%95%D7%9C%D7%A0%D7%99/,,,,,,,,,,,,,,,,,,,,,,,,,,,,,,,,,,,,,,,,,,,,,,,,,,,,,,,,,,,2018,
"935 - China - Mobility Team Nahal ",Nahal Brigade 933,,,,,,,,,,,,,,,,,,,,,,,,,,,,,,,,,,,,,,,,,,,,,,,,,,,,,,,,,,,,2022,
Sayeret Nahal 934 - Topaz,Nahal Brigade 933,,,,,,,,,,,,,,,,,,,,,,,,,,,,,,,,,,,,,,,,,,,,,,,,,,,,,,,,,,,,2021,
Chief infantry and paratrooper officer,,,,,,,,,,,,,,,,,,,,,,,,,,,,,,,,,,,,,,,,,,,,,,,,,,,,,,,,,,,,,1965,
Coral,,,,,,,,,,,,,,,,,,,,,,,,,,,,,,,,,,,,,,,,,,,,,,,,,,,,,,,,,,,,,,
Marul,,,,,,,,,,,,,,,,,,,,,,,,,,,,,,,,,,,,,,,,,,,,,,,,,,,,,,,,,,,,,,
Spectrum,,,,,,,,,,,,,,,,,,,,,,,,,,,,,,,,,,,,,,,,,,,,,,,,,,,,,,,,,,,,,,
SIGINT Battalion,,,,,,,,,,,,,,,,,,,,,,,,,,,,,,,,,,,,,,,,,,,,,,,,,,,,,,,,,,,,,,
Green Squirrel,"ATM, Paratroopers",,,,,,,,,,,,,,,,,,"October 6, 1973",,,,,,,,,,,,,,,Unit 755,,,,,,,,,,,,,,"Maglan 212, Meitar 427, Moran, Orev",,,,,,,,,,,,,1973,
MATPA,Police,https://www.policemuseum.org.il/he/yehidat_matpa/,,,,,,,,,,,,,,,,,,,,,,,,,,,,,,,,,,,,,,,,,,,,,,,,,,,,,,,,,,,2004,
Meitar 427,,,,,,,North,,,,,,,,,,,,,,מיתר,,,,,,,,,,,,,,,,,,,,,,ATGM,,,,,,,,,,,,,,,,,2017,2020,
סיירת צנחנים - פנל״ג,Paratroopers Brigade 35,,,,,,,,,,,,,,,,,,,,,,,,,,,,,,,,,,,,,,,,,,,,,,,,,,,,,,,,,,,,1998,
סיירת צנחנים חימוש משוטט,,,,,,,,,,,,,,,,,,,,,,,,,,,,,,,,,,,,,,,,,,,,,,,,,,,,,,,,,,,,,,
פלוגות חשיפה תקיפה חימוש משוטט,,,,,,,,,,,,,,,,,,,,,,,,,,,,,,,,,,,,,,,,,,,,,,,,,,,,,,,,,,,,,,
,,,,,,,,,,,,,,,,,,,,,,,,,,,,,,,,,,,,,,,,,,,,,,,,,,,,,,,,,,,,,,
לבן על לבן: הצצה נדירה להכשרת לוחמי האלפיניסטים | ישראל היום,,https://www.israelhayom.co.il/magazine/shishabat/article/9205463,,,,,,,,,,,,,,,,,,,,,,,,,,,,,,,,,,,,,,,,,,,,,,,,,,,,,,,,,,,,
"רואים רחוק: לוחמי היחמ""ם נחשפים באימון מיוחד",,https://www.mako.co.il/pzm-units/field-intelligence/Article-a5c2763db4cd541006.htm,,,,,,,,,,,,,,,,,,,,,,,,,,,,,,,,,,,,,,,,,,,,,,,,,,,,,,,,,,,,
669,,https://www.kan.org.il/search/?hdyQ=%D7%9C%D7%95%D7%97%D7%9E%D7%99+669,,,,,,,,,,,,,,,,,,,,,,,,,,,,,,,,,,,,,,,,,,,,,,,,,,,,,,,,,,,,