Unit,Year Established,Affiliation,Predecessor,Successor,Command
"Haganah ",1920,,HaShomer,IDF,
Nodedet Tel-Aviv,1929,Haganah,,Nodedet,Jerusalem
Nodedet Jordan Valley,1931,Haganah,Nodedet,Nodedet,Jordan Valley
Nodedet in Jerusalem Kiryat Anavim,1936,Haganah,Nodedet,Mobile Guard,Jerusalem
"Nodedet ",1936,Haganah,Nodedet,Nodedet in Jerusalem,Tel Aviv
Guards of the Trains and the Ports,1937,"British Army, Haganah",Guards of the Trains and the Ports,Guards of the Trains and the Ports,North
Filed Companies,1937,Haganah,Mobile Guard,Filed Companies,North
Mobile Guard,1937,Haganah,Nodedet in Jerusalem,Filed Companies,North
Special Night Squad,1938,"British Army, Haganah",Pipeline Defenders Platoon,Palmach,North
Pipeline Defenders Platoon,1938,"British Army, Haganah",Pipeline Defenders Platoon,Special Night Squad,North
Special Operations Unit,1939,Haganah,Filed Companies,Palmach,Center
"Commando 51🇬🇧 ",1940,British Army,Commando 51,Special Interrogation Group – SIG,North Africa
The Syrian Platoon,1940,Palmach,Filed Companies,The Arab Squad,North
Boom Defense,1941,British Army,Boom Defense,Boom Defense,
Scouts,1941,Palmach,,The 7th Company,
The German Platoon,1941,Palmach,,The Balkan Platoon,North
Palmach,1941,"British Army, Haganah",Filed Companies,IDF,
The Arab Squad,1942,Palmach,The Syrian Platoon,Intelligence Service 18 805,Haifa
Special Interrogation Group – SIG🇬🇧,1942,"British Army, Intelligence",Commando 51,SAS,North Africa
Masqueraders - Intelligence 18,1943,"IDF, Palmach",The Arab Squad,"Intelligence 13 Wing, Intelligence Service 18 805",Haifa
The Balkan Platoon,1943,Palmach,,The Balkan Platoon,
Reconnaissance Company 7,1944,"4th Battalion, Palmach",Scouts,The 4th Battalion,
The 4th Battalion,1944,Palmach,,The 4th Battalion,Center
Jewish Paratroops🇬🇧,1944,British Army,"The Balkan Platoon, The German Platoon",,Europe
Palyam Sea Company,1945,"Palmach, Palyam",Palyam Sea Company,Flotilla 13,Navy
Negev Animals 1 Shiloni,1947,"Negev Brigade, Palmach",Negev Animals 1 Shiloni,Negev Animals 1 Shiloni,South
Negev Animals 2 Beeri,1947,"Negev Brigade, Palmach",Negev Animals 2 Beeri,Negev Animals 2 Beeri,South
Port Company,1947,Palmach,,,Navy
Naval Commandos,1948,"Palmach, Palyam",Naval Commandos,Flotilla 13,Navy
Maritime Demolition Unit,1948,"Palmach, Palyam",Maritime Demolition Unit,Flotilla 13,Navy
Commando Battalion 75 French Commando,1948,"9 Brigade, Palmach",Commando Battalion 75 French Commando,Commando Battalion 75 French Commando,South
Commando Battalion 89,1948,"8 Brigade, Palmach",Commando Battalion 89,Commando Battalion 89,Center
Reconnaissance Company 9th Battalion,1948,"9 Battalion, Negev Brigade, Palmach",Reconnaissance Company 9th Battalion,Reconnaissance Company 9th Battalion,South
Air Force,1948,IDF,,,
Divers,1948,"Palmach, Palyam",Divers,Flotilla 13,Navy
Navy,1948,IDF,,,
Police,1948,,,,
Intelligence Service 805,1948,Intelligence,Intelligence Service 18 805,Intelligence Service 18 805,AMAN
Military Intelligence Directorate,1948,IDF,,,
Bomb Disposal Unit,1948,Engineering,Bomb Disposal Unit 1948,Bomb Disposal Unit 1948,General
Barak Battalion 12 Golani,1948,"Golani Brigade, Infantry",Barak Battalion 12 Golani,Barak Battalion 12 Golani,North
Reconnaissance Platoon Golani,1948,"Golani Brigade, Infantry",Reconnaisance Platoon Golani,Reconnaisance Platoon Golani,North
Golani Brigade 1,1948,,,,
7 Armor Reconnaissance Company,1948,"Armor, Northern Command",Golani 19 Battalion,9 Armored Brigade,North
"Northern Command ",1948,IDF,,,
Paratroopers,1948,Infantry,Paratroopers 1948,Paratroopers 1948,Haifa
"Central Command ",1948,IDF,,,
Samson's Foxes Givati,1948,"Givati Brigade, Infantry",Samson's Foxes Givati,Samson's Foxes Givati,South
"Southern Command ",1948,IDF,,,
Intelligence 132,1949,Intelligence,Research 2,,AMAN
Intelligence Unit 805,1949,Intelligence,,,AMAN
Intelligence Unit 504,1949,Intelligence,Intelligence Unit 504,Intelligence Unit 504,AMAN
Intelligence Unit 154 - Intelligence 10,1949,Intelligence,Intelligence Unit 154,"Intelligence Unit 504, Sayeret Matkal 262 269",AMAN
Samson Foxes,1949,"54 Battalion, Givati Brigade",,,
Shayetet 13,1950,Navy,"Divers, Palyam Sea Company, Port Company, The 4th Battalion",,Navy
Intelligence 13 Wing,1950,Intelligence,Intelligence 13 Wing,Intelligence 13 Wing,AMAN
Airborne Battalion 890,1950,"Paratroopers, Paratroopers Brigade 35",Airborne Battalion 890 1950,Airborne Battalion 890 1950,Center
Nahal unit before 101,1950,,,,
Unit 30,1951,"Regional, Southern Command",Unit 30,Sayeret Shaked 424,South
"Intelligence 131 ",1953,Intelligence,Research 2,Intelligence 188,AMAN
Unit 101,1953,"Infantry, Jerusalem Brigade",Unit 101,Airborne (890),Center
135 Armored Reconnaissance Battalion,1954,"7 Armored Brigade, Armor",9 Armored Brigade,Palsar 7 Armored Reconnaissance Company,North
Airborne Reconnaissance Platoon A,1954,"Paratroopers, Paratroopers Brigade 35",Airborne (890),Airborne (890),Center
Paratroopers Brigade 35,1954,98 Division - The Fire Formation,,,
Nahal Reconnaissance Platoon 150,1954,"Regional, Southern Command",Unit 30,"Airborne Reconnaisance (890), Sayeret Shaked 424",South
Intelligence 188,1955,Intelligence,Intelligence 131,Mossad,AMAN
Sayeret Shaked 424,1955,"Regional, Southern Command",Sayeret Shaked 424,Sayeret Shaked 424,South
Unit 755,1956,Artillery,Unit 755,Unit 755,
7 Armor Reconnaissance Company,1956,"7 Armored Brigade, Armor",Palsar 7 Armored Reconnaissance Company,Palsar 7 Armored Reconnaissance Company,North
Sayeret Egoz 483,1956,"Northern Command, Regional",Sayeret Egoz 483 Reconnaissance 1,Sayeret Egoz 483 Reconnaissance 1,North
332 Battalion,1956,"Paratroopers, Paratroopers Brigade 35",332 Battalion,332 Battalion,Center
Airborne Reconnaissance Company 5173 - Taipan,1956,Paratroopers,Airborne Reconnaisance 5173,Airborne Reconnaisance 5173,Center
Sayeret Matkal 262 269,1957,Intelligence,,Sayeret Matkal 262 269,General
Airborne Reconnaissance 73,1957,"Paratroopers, Paratroopers Brigade 35",Airborne Reconnaisance 73,Airborne Reconnaisance 73,Tel Nof
124 Squadron Flipping Sword Squadron,1958,Air force,,,
Laskov Team - Weapons Development Unit,1958,Engineering,,,
Defensive Divers 707,1962,Navy,Flotilla 13,"Flotilla 13, Yaltam Underwater Missions",Navy
Sayeret Egoz 483,1963,"Northern Command, Regional",Sayeret Egoz 483,Sayeret Egoz 483,North
Paratroopers Engineer Company 505 - Coluber,1963,Infantry,Paratroopers Engineer Company,Paratroopers Engineer Company,Center
Sayeret 525 Reconnaissance,1963,"Regional, Southern Command",Sayeret Shaked 424,Sayeret Shaked 424,South
Golani Engineering company,1965,"Golani Brigade, Infantry",Golani Engineering company,Golani Engineering company,North
Chief infantry and paratrooper officer,1965,,,,
114 Squadron Night Leaders Squadron,1966,Air force,114 Squadron Night Leaders Squadron,114 Squadron Night Leaders Squadron,Air Force
Duchiphat Hoopoe Reconnaissance,1966,Paratroopers,Duchiphat Hoopoe Reconnaisance,Duchiphat Hoopoe Reconnaisance,Center
Sayeret Charuv 484,1966,"Central Command, Regional",Sayeret Haruv 484,Sayeret Haruv 484,Center
Bat (ATALEF) Unit,1966,"Regional, Sayeret Shaked 424, Southern Command",Sayeret Shaked 424,Bat (ATALEF) Unit,South
Druze Reconnaissance Unit 244,1967,Infantry,Druze Reconnaissance Unit 244,Druze Reconnaissance Unit 244,North
ATM Recon Unit 70,1968,Infantry,ATM Recon Unit 70,ATM Recon Unit 70,
Polar Bear Unit 88,1968,Armor,Polar Bear Unit 88,Polar Bear Unit 88,South
Reconnaissance Anti-Tank 582 80,1968,Paratroopers,Reconnaisance Anti-Tank 582 80,Reconnaisance Anti-Tank 582 80,Center
Sayeret 401 Armored Reconnaissance Company,1968,Armor,Sayeret 401 Armored Reconnaissance Company 1968,Sayeret 401 Armored Reconnaissance Company 1968,South
Shaked Pseudocerastes Shfifon,1968,"Regional, Sayeret Shaked 424, Southern Command",Sayeret Shaked 424,Sayeret Shaked 424,South
Special Operations Technological Unit 81,1969,"Intelligence, Special Operations Division",Sayeret Matkal 262 269,,AMAN
Special Operations Division,1969,Intelligence,,,
118 Squadron Nocturnal Birds of Prey Squadron,1970,Air force,118 Squadron Nocturnal Birds of Prey Squadron,118 Squadron Nocturnal Birds of Prey Squadron,Air Force
Reconnaissance Company 679,1970,Armor,Reconnaissance Company 679,Reconnaissance Company 679,North
SAPIR,1970,"Engineering, Yahalom",,,
Bomb Disposal Unit 1970,1970,"Engineering, Yahalom",Bomb Disposal Unit 1970,Bomb Disposal Unit 1970,General
Shaked Chameleon Zikit,1970,"Regional, Southern Command",Sayeret Shaked 424,Sayeret Shaked 424,Gaza
Granade Rimon Unit 5176,1970,"Regional, Southern Command",,"Regional Brigade 417, Shimshon (Unit 367)",Gaza
Yiftach - Weapons Development Unit,1970,Engineering,,,
Unit 5700,1972,"Air force, Wing 7",Unit 5700,Unit 5700,Nevatim
Unit 755,1973,Artillery,Unit 755,Unit 755,
Sayeret 401 Armored Reconnaissance Company,1973,Armor,Sayeret 401 Armored Reconnaissance Company,Sayeret 401 Armored Reconnaissance Company,Center
Yamam Counter-terrorism,1973,"Border Police, Police",Yamam Counter-terrorism,Yamam Counter-terrorism,General
Natran,1973,Artillery,Natran,Natran,General
Reconnaissance Battalion 87,1973,Armor,Reconnaissance Battalion 87,Reconnaissance Battalion 87,South
Reconnaissance Company 421,1973,Armor,Reconnaissance Company 421,Reconnaissance Company 421,South
"Visual Intelligence Unit - 869 - Shahaf ",1973,Field Intelligence,Visual Intelligence Unit 1973,Visual Intelligence Unit 1973,General
Battalion for Air Assignments (Shaldag) 5101,1974,,Sayeret Matkal 262 269,Battalion for Air Assignments (Shaldag) 5101,Center
Unit 669 Airborne Rescue And Evacuation,1974,"Air force, Wing 7",Unit 669 Airborne Rescue And Evacuation,Unit 669 Airborne Rescue And Evacuation,Air Force
Unit 5707,1974,Air force,,,Air Force
Counterterrorism school,1974,"99 Division - The Maneuver Formation, Infantry, Marom",Counterterrorism school,Counterterrorism school,Center
Oketz Unit Canine Special Forces 7142,1974,"99 Division - The Maneuver Formation, Infantry, Marom",Oketz Unit Canine Special Forces 7142,Oketz Unit Canine Special Forces 7142,Center
Golani Anti-Tank Company,1974,"Golani Brigade, Infantry",,Golani Anti-Tank Company 1974,North
Unit Alpinistim (Res),1974,"810 Brigade, Reconnaissance Battalion 7810, Regional",Unit Alpinistim (Res),Unit Alpinistim (Res),North
Paratroopers Anti-Tank Company,1974,"ATM, Paratroopers Brigade 35",Paratroopers Anti-Tank Company,Paratroopers Anti-Tank Company,Center
98 Division - The Fire Formation,1974,Central Command,98th Paratroopers Division,98th Paratroopers Division,Center
General Staff Visual Intelligence Unit - Mobile Company,1976,Field Intelligence,"Sayeret Matkal 262 269, Visual Intelligence Unit 1973",,General
Battalion for Air Assignments (Shaldag),1977,"Infantry, Sayeret Matkal",Battalion for Air Assignments (Shaldag),Battalion for Air Assignments (Shaldag),Center
Combat Engineering Reconnaissance Platoon 605,1977,"Combat Engineering Reconnaissance Platoons, Engineering",Combat Engineering Reconnaissance Company 605,Combat Engineering Reconnaissance Company 605,North
Golani Engineer Company,1977,"Golani Brigade, Infantry",Golani Engineer Company,Golani Engineer Company,North
Golani Anti-Tank Company,1977,"Golani Brigade, Infantry",Golani Anti-Tank Company 1977,,North
Nahal Anti-Tank Company (Res),1977,ATM,Nahal Anti-Tank Company (Res),Nahal Anti-Tank Company (Res),North
"Yaltam Underwater Missions ",1978,Navy,Defensive Divers 707,,Navy
SLA Reconnaissance,1978,,,,
"Moran ",1981,ATM,Moran,Moran,South
Border Police Reconnaissance Unit - North,1982,"Police, SAMAG",Israeli Police Border Reconnaisance - North,Israeli Police Border Reconnaisance - North,North
Sayeret Yael Combat Engineering Reconnaissance,1982,"Engineering, Yahalom",Unit 630,Yahalom,General
Nahal Brigade 933,1982,"162 Division, Infantry, Southern Command",,,
Border Police Reconnaissance Unit - Central District,1983,"Police, SAMAG",Border Patrol Reconnaissance Unit - Central District,Border Patrol Reconnaissance Unit - Central District,Center
SAMAG,1983,Police,,,
"Sayeret Givati ",1983,"Givati Brigade 84, Infantry",Sayeret Givati,Sayeret Givati,South
Givati Brigade 84,1983,"162 Division, Southern Command",,,
Sayeret Nahal,1983,"Infantry, Nahal Brigade 933",Sayeret Nahal,Sayeret Nahal,Center
Battalion for Air Assignments (Shaldag) 5101,1984,Air force,Battalion for Air Assignments (Shaldag),Battalion for Air Assignments (Shaldag),Palamachim
Duchiphat Hoopoe Anti-Tank Company 94,1984,ATM,Duchiphat Hoopoe Anti-Tank Company 94,Duchiphat Hoopoe Anti-Tank Company 94,Center
"Givati Anti-Tank Company ",1984,"Givati Brigade 84, Infantry",Givati Anti-Tank Company,Givati Anti-Tank Company,South
Givati Engineer Company,1984,"Givati Brigade 84, Infantry",Givati Engineer Company,Givati Engineer Company,South
General Staff Visual Intelligence Unit - Lebanon Company,1985,Field Intelligence,General Staff Visual Intelligence Unit - Lebanon Company,General Staff Visual Intelligence Unit - Lebanon Company,North
7 Armor Reconnaissance Company,1986,"7 Armored Brigade, Armor",Palsar 7 Armored Reconnaissance Company,Refaim,North
Duvdevan 217,1986,"89 Oz Brigade, Regional",Duvdevan (Unit 217),"""The 89th """"Oz"""" Brigade""",Center
Maglan 212,1986,"89 Oz Brigade, ATM",Maglan 212,Maglan 212,Center
Meitar 427,1987,ATM,Moran 427,Meitar 427,North
Meitar 427,2020,,,,North
Shimshon 367,1987,"Regional, Southern Command",Shimshon (Unit 367),,South
"Israel Police Special Patrol Unit ",1988,Police,Israel Police Special Patrol Unit,Israel Police Special Patrol Unit,Valleys
Unit 7555 - 5515,1988,"98 Division - The Fire Formation, Central Command",Unit 252,,South
Mechanized Infantry - Alon,1988,500 Brigade,,Kfir Brigade,
Mechanized Infantry - Eshchar,1988,401 Brigade,,Kfir Brigade,
Mechanized Infantry - Ashuach,1988,500 Brigade,,Kfir Brigade,
Mechanized Infantry,1988,,,Kfir Brigade,
LOTAR Eilat Counterterrorism (Res) 7707,1989,"CT, Regional, Southern Command",LOTAR Eilat Counterterrirism (Res),LOTAR Eilat Counterterrirism (Res),South
Gideon Sword Police 33 - Jerusalem District,1990,Police,Gideon Sword Police - Jerusalem District,Gideon Sword Police - Jerusalem District,Jerusalem
Yamas Aravah,1990,"Police, YAMAS",Yamas Aravah,Yamas Aravah,South
Yamas Jerusalem,1990,"Police, YAMAS",Yamas Jerusalem,Yamas Jerusalem,Jerusalem
"Yamas ",1990,"Police, Tactical Brigade Border Police",Yamas Aravah,Yamas Aravah,South
Military Police Force 100,1990,Military Police,Military Police Force 100,Military Police Force 100,General
Mechanized Infantry - Eshbal,1990,401 Brigade,,Kfir Brigade,
Yamas West Bank,1991,"Police, YAMAS",,,
Counter-NBC and purifiers,1991,"Engineering, Yahalom",Counter-NBC and purifiers,Counter-NBC and purifiers,Center
"Nahal Anti-Tank Company ",1991,"Infantry, Nahal Brigade 933",Nahal Anti-Tank Company,Nahal Anti-Tank Company,Center
"Palsar 500 ",1992,Armor,Palsar 500,Refaim,Center
Nahal Engineer Company,1992,"Infantry, Nahal Brigade 933",Nahal Engineer Company,Nahal Engineer Company,Center
Mechanized Infantry - Oren,1992,188 Brigade,,Kfir Brigade,
" Nitzan Target Field Intelligence Unit 636",1993,Field Intelligence,Nitzan Target Field Intelligence Unit,Battalion 869,North
Counter-NBC and Company,1993,"Engineering, Yahalom",Counter-NBC and Company,Counter-NBC and Company,General
Combat Engineering Reconnaissance Platoon 603,1993,"Combat Engineering Reconnaissance Platoons, Engineering",Combat Engineering Reconnaissance Company 603,Combat Engineering Reconnaissance Company 603,North
Combat Engineering Reconnaissance Platoons,1993,Engineering,,,
Snowy Slope,1994,"Engineering, Yahalom",Snowy Slope,Snowy Slope,General
Combat Engineering Reconnaissance Platoon 601,1994,"Combat Engineering Reconnaissance Platoons, Engineering",Combat Engineering Reconnaissance Company 601,Combat Engineering Reconnaissance Company 601,Center
Yahalom Combat Engineering Unit for Special Operations,1995,Engineering,Yahalom Combat Engineering Unit for Special Operations,Yahalom Combat Engineering Unit for Special Operations,General
Egoz 621,1995,"Golani Brigade, Infantry",Egoz Reconnaissance Unit,"""The 89th """"Oz"""" Brigade""",North
Visual Intelligence Battalion,1996,Field Intelligence,Visual Intelligence Battalion 1996,Visual Intelligence Battalion 1996,
Target Field Intelligence Battalion 5707,1996,Air force,Battalion for Air Assignments (Shaldag) 5101,Battalion for Air Assignments (Shaldag) 5101,Palamachim
"Matilan Border Patrol - intelligence, observation, interception, mobile warfare",1996,Police,"Matilan Border Patrol - intelligence, interception, mobile warfare, observation","Matilan Border Patrol - intelligence, interception, mobile warfare, observation",North
Stinger Anti Aircraft Unit,1998,Air force,Stinger Anti Aircraft Unit,Stinger Anti Aircraft Unit,General
Almagor,2000,Field Intelligence,Almagor,Almagor,North
"Nesher Mobile Company 414 ",2000,Field Intelligence,The Nesher (Eagle) 414,The Nesher (Eagle) 414,South
Yacmam A - The Shahaf Seagull Battalion,2000,Field Intelligence,,,
Yachmam B - The Shahaf Seagull Battalion,2000,Field Intelligence,The Shahaf (Seagull) Battalion,The Shahaf (Seagull) Battalion,North
"Nitzan 636 ",2000,Field Intelligence,The Nitzan 636,The Nitzan 636,Center
Ayit 595,2000,Field Intelligence,,,Northern
Yagal,2000,"Police, YAMAS",,,
Unit 5252,2000,Artillery,,,
Senior General Staff Security Unit,2001,,Senior General Staff Security Unit,Senior General Staff Security Unit,General
"Golani Reconnaissance Battalion ",2001,"Infantry, Northern Command","Golani Anti-Tank Company 1977, Golani Engineering company, Reconnaisance Platoon Golani",,North
Paratroopers Reconnaissance Battalion 5135,2002,"Infantry, Paratroopers Brigade 35",Paratroopers Reconnaissance Battalion (Gadsar),Paratroopers Reconnaissance Battalion (Gadsar),Center
Givati Reconnaissance Battalion (Gadsar),2002,"Givati Brigade 84, Infantry",Givati Reconnaissance Battalion (Gadsar),Givati Reconnaissance Battalion (Gadsar),South
Nahal Reconnaissance Battalion (Gadsar),2002,"Infantry, Nahal Brigade 933",Nahal Reconnaissance Battalion (Gadsar),Nahal Reconnaissance Battalion (Gadsar),Center
Samoor Platoon,2003,"Engineering, Yahalom",Samoor platoon,Samoor platoon,South
Masada Prison Service,2003,Prison Service,Masada Prison Service,Masada Prison Service,General
Kfir Brigade,2005,99 Division - The Maneuver Formation,,,
Balnam 444,2005,"99 Division - The Maneuver Formation, Marom",,,
Marom - Center for Airborne and Special Training,2005,99 Division - The Maneuver Formation,,,
Border Police Reconnaissance Unit - South,2008,Police,Israeli Police Border Reconnaisance - South,Israeli Police Border Reconnaisance - South,South
Rimon 845,2010,"Givati Brigade 84, Regional, Southern Command",Granade Rimon,"""The 89th """"Oz"""" Brigade""",South
Sky Rider Unit 5353,2010,162 Division,,,
Depth Corps,2012,IDF,,,
Unit Yanmam Airborne Anti Aircraft Unit,2012,Infantry,Duvdevan (Unit 217),,General
Egoz 621,2015,"89 Oz Brigade, Infantry",Egoz Reconnaissance Unit,"""The 89th """"Oz"""" Brigade""",North
The 89th Oz Brigade,2015,98 Division - The Fire Formation,"Duvdevan (Unit 217), Egoz Reconnaissance Unit, Maglan 212, Rimon 845",,General
Tactical Brigade Border Police,2017,"Border Police, Police",,,
Sayeret Charuv 93,2017,"99 Division - The Maneuver Formation, Division 99, Kfir Brigade",Sayeret Haruv 484,,Center
Kfir Brigade 900,2017,"99 Division - The Maneuver Formation, Division 99, Kfir Brigade",,,Center
Yatam (rapid response unit) the valleys,2017,Central Command,,,
Unit Daya,2018,Artillery,,,
Sayeret Golani,2018,,,,
Meitar 427,2020,ATM,Moran 427,Meitar 427,North
Wing 7,2020,Air force,,,
Multi-Dimensional Ghost Unit 888,2020,99 Division - The Maneuver Formation,,,
99 Division,2020,99 Division - The Maneuver Formation,,,
Sayeret Debora,2021,Northern Command,,,Northern Command
Lion King Malar,2021,Armor,,,
Sayeret Nahal 934 - Topaz,2021,Nahal Brigade 933,,,
"935 - China - Mobility Team Nahal ",2022,Nahal Brigade 933,,,
Sayeret Alon,,,,,
Coral,,,,,
Marul,,,,,
Spectrum,,,,,
SIGINT Battalion,,,,,
Green Squirrel,1973,"ATM, Paratroopers",Unit 755,"Maglan 212, Meitar 427, Moran, Orev",
MATPA,2004,Police,,,
סיירת צנחנים - פנל״ג,1998,Paratroopers Brigade 35,,,
סיירת צנחנים חימוש משוטט,,,,,
פלוגות חשיפה תקיפה חימוש משוטט,,,,,
,,,,,
לבן על לבן: הצצה נדירה להכשרת לוחמי האלפיניסטים | ישראל היום,,,,,
"רואים רחוק: לוחמי היחמ""ם נחשפים באימון מיוחד",,,,,
669,,,,,
