Name,Notes,Attachments,Predecessor,Successor,Affiliation,Year Established,Year Disbanded ,Branch,Command,Rrole,References,Bibliography Attachment,Bilbiography,Audio-video,תאריך הקמה,מאפיינים מבצעיים,מאפיינים ארגוניים,נסיבות הקמה,נסיבות פירוק,עוצמת קונפליקט,ייעוד עיקרי,ייעוד משני,בסיס,פיקוד,זרוע,הגדרת תפקיד,תנאי קבלה,תקופת הכשרה,הכשרה,טקטיקה,משך השירות,גודל הקמה,"סד""כ ראשוני",גודל בהמשך,"סד""כ בהמשך",נשק וציוד ייחודי,רכב,מלחמות מבצעים,יחידת אם - לניתוח רשתות,יחידות ממשיכות - לניתוח רשתות,יחידות מתחרות,מייסד היחידה עבור ניתוח רשתות ובדיקת השערת הכרימזה,מפקדים בולטים עבור ניתוח רשתות ובדיקת השערת הכרימזה,מקור השראה,טיפוח תדמית תרבות ארגונית,מידת יוקרה תרבות ארגונית,TOC,Individuals Glossary copy
,"פלס""ר 67 חטיבה 14 מילואים",,,,,,,Armor,,,,,,,,,,,,,,,,,,,,,,,,,,,,,,,,,,,,,,,,
,"ספי""ר",,,,,,,Engineering,,,,,,,,,,,,,טיפול בתחמושת אוירית,,,צפון,הנדסה,סלק,,,,,,,,,,,,,,,,,,,,,,
,ברקן,,,,,,,Air force,,,,,,,,,,,,,"הפעלת ברקן ( סטינגר) - טיל כתף נ""מ קצר-טווח, על-קולי, בעל ביות אינפרא-אדום ואולטרא-סגול, ליירוט כלי-טיס מנמיכי טוס. ",,,,מערך ההגנה האווירית,,,,,,,,,,,,,,,,,,,,,,,
,"צס""מ (צוות סיור מודיעין) יחידת מילואים",,,,,,,Field Intelligence,,,,,,,,,,,,,,,,,,,,,,,,,,,,,,,,,,,,,,,,
,"סמ""ג סיירת משמר הגבול",,,,,,,Police,,,,,,,,,,,,"נמוכה - בט""ש",הפרות סדר על רקע בטחוני או פלילי,טיפול בחומרים מסוכנים,,,,,"חיילים סדירים, השלמת טירונות, גיבוש בן יום",,,,,,,,,,,,,,,,,,,,,
,Sayeret Matkal,,,,,,,Intelligence,,,,,,,,,,,,,,,,,,,,,,,,,,,,,,,,,,,,,,,"26, 27, 31",
Sayeret Charuv 484,Sayeret Charuv 484,,,,,,,Regional,,,,,,,,,,,,,,,,,,,,,,,,,,,,,,,,,,,,,,,"25, 27",
Sayeret Nahal Arava 150,Sayeret Nahal Arava 150,,,,,,,Regional,,,,,,,,,,,,,,,,,,,,,,,,,,,,,,,,,,,,,,,,
Sayeret Rimon,Sayeret Rimon,,,,,,,Regional,,,,,,,,,,,,,,,,,,,,,,,,,,,,,,,,,,,,,,,27,
Sayeret Shaked 424,Sayeret Shaked 424,,,,,,,Regional,,,,,,,,,,,,,,,,,,,,,,,,,,,,,,,,,,,,,,,"21, 25, 26",
Unit 30,Unit 30,,,,,,,Infantry,,,,,,,,,,,,,,,,,,,,,,,,,,,,,,,,,,,,,,,,
Unit 101,Unit 101,,,,,,,Infantry,,,,,,,,,,,,,,,,,,,,,,,,,,,,,,,,,,,,,,,,
Haganah,ההגנה,,,IDF,,1920,,Haganah,,,,,,,15 ביוני,,,"בתחילת חודש מרס הותקפה תל-חי ושישה ממגיניה נהרגו, ובראשם המפקד יוסף טרומפלדור. לאחר כמה שבועות פרצו מהומות דמים בירושלים (""מאורעות תר""ף - 1920"")",הקמת המדינה,,הגנה על היישוב היהודי,בניין כוח צבאי,,,אחדות העבודה,,,,,,,,,,,,,,השומר,"צה""ל",,"חיים שטורמן, ירחמיאל לוקצ'ר ויהושע אייזיק",,הפעולות של גרמניה במזרח אפריקה בשנות העשרים ובעיקר מאלה של פאול פון לטו-פורבק,,,14,
Nodedet,הנודדת,,,Nodedet,Haganah,1929,1933,Haganah,Jerusalem,Preventive,,,,,,הגנה דינאמית,מיליציה,"מאורעות תרפ""ט",,נמוכה,הגנה מקומית,,,תל-אביב,ההגנה,,,,,,,3 יחידות,36 לוחמים,2 יחידות,,,"משאיות, מכונית, אופנועים",,,,,אלימלך זליקוביץ (כינוי: זליק או אבנר),אלימלך זליקוביץ ,,,,,
Nodedet,מחלקות נודדות,,Nodedet,Nodedet,Haganah,1931,1933,Haganah,Jordan Valley,Preventive,,,,,אוגוסט,הגנה דינאמית,מיליציה,,,נמוכה,הגנה מקומית,,,תל-אביב,ההגנה,,בחירה על בסיס תעוזה ויכולת למלא משימות מגוונות,,,"אימוני שדה, רימוני יד, ירי ברובים ובמקלעים, האימונים היו מורכבים יותר מאלה של אנשי ה'שורה' בתל-אביב",,2 יחידות רכובות  ,,,,,כלי רכב אישיים ואופנועים,,ההגנה,,,,,,,,,
Nodedet ,הנודדת,,Nodedet,Nodedet in Jerusalem,Haganah,1936,1939,Haganah,Tel Aviv,Preventive,,,,,17 באפריל,הגנה דינאמית,מיליציה,המרד הערבי,,נמוכה,הגנה מקומית,,,תל-אביב,ההגנה,,,,,,,,70 איש,,,,,,,,,,,,,,,
Nodedet in Jerusalem,הנודדת בירושלים,Yitzhak Sadeh,Nodedet,Mobile Guard,Haganah,1936,1939,Haganah,Jerusalem,Preventive,,,,,,הגנה דינאמית,מיליציה,המרד הערבי,מעבר לפלוגות השדה,נמוכה,הגנה דינאמית ,,בית וגן,ירושלים,ההגנה,,חברי קבוצת היכון,,,"מארב והסתערות, מעבר מהגנה סטטית על השכונה לשיטת מארבים על הדרך אל השכונה וכן ירי אפקטיבי לעבר בסיס האויב בעין כרם",,,,,,תתי מקלע רימונים ,טנדרים,,הנודדת,,,יצחק שדה,"צבי ספקטור, ישראל בן יהודה (עבדו)",,,,15,Yitzhak Sadeh
Filed Companies,פלוגות השדה,"Yitzhak Sadeh, Yigal Allon, Moshe Dayan",Mobile Guard,Filed Companies,Haganah,1937,1939,Haganah,North,Preventive,,,,,,הגנה דינאמית,מיליציה,המרד הערבי,"מעבר למשמר הנע, צביון פוליטי, מאבקי כוח עם ההגנה",נמוכה,הגנה דינאמית על צינור חברת הנפט העיראקית ,תפישת עולמו הציונית של וינגייט הביאה אותו לגלות דאגה רבה גם לגורל הישובים היהודיים שהותקפו,,,"חיל הנוטרים, משטרת היישובים העבריים",,,חמישה ימים,,לוחמה זעירה,,,,,,"תתי מקלעים, מקלעי לואיס, אקדחים, רימונים",טנדרים,,הנודדת,,,יצחק שדה,"יגאל אלון, משה דיין",,,גבוהה,15,"Moshe Dayan, Yitzhak Sadeh, Yigal Allon"
Guards of the Trains and the Ports,"נוטרי מסילות הברזל, שדות התעופה והנמלים",,Guards of the Trains and the Ports,Guards of the Trains and the Ports,,1937,1939,Haganah,North,Preventive,,,,,,הגנה דינאמית,מיליציה,המרד הערבי,,נמוכה,שמירה על מסילות הברזל בשיתוף עם הצבא הבריטי במקרה שהמרד הערבי יתחדש. בעיקר מסילת הברזל בין חיפה ללוד,,,,"הצבא הבריטי, ההגנה",,,,,,,,"723 מגויסים, מרביתם לא מההגנה. 434 נקראו לשירות ב-1938",,,,,,,,,,,,,,,
Mobile Guard,המשמרות הנעים פלוגה נודדת ופלוגה מעופפת,Yitzhak Sadeh,Nodedet in Jerusalem,Filed Companies,Haganah,1937,1939,Haganah,North,Preventive,,,,,,הגנה דינאמית,מיליציה,המרד הערבי,,נמוכה,הגנה על יישובים חקלאיים בעמק ובגליל,,,,,,,,,,,,,,,,,,,,,,,,,,,Yitzhak Sadeh
Pipeline Defenders Platoon,מחלקת משמר צינור הנפט פלוגת האש,,Pipeline Defenders Platoon,Special Night Squad,British Army,1938,1939,Haganah,North,Preventive,,,,,יוני,הגנה דינאמית,מיליציה,,,,,,,,,,,,,,,,,,,,,,,,,,,,,,,
Special Night Squad,פלוגות הלילה המיוחדות,Wingate,Pipeline Defenders Platoon,Palmach,Haganah,1938,1938,Haganah,North,Preventive,,,,,13 ביולי,הגנה דינאמית,מיליציה,המרד הערבי,האגרסיביות של וינגייט,נמוכה,הגנה דינאמית ,הקמת צבא יהודי,,איזור הצפון,הצבא הבריטי משטרת הישובים העבריים,,,,,"פלגות (squads) שיפעלו בשיטת המארב הנייד. לשם הפעלתן היעילה היה צורך במודיעין איכותי וממוקד, בשיטות הסוואה שיאפשרו לשמר את ממד ההפתעה, קריאת מפות, מטווחים, תנועה בלילה, יצירת מגע עם האויב וניתוק מגע",,,"20 בריטים 24 אנשי פו""ש מיבנאל, מעוז ונהלל",5 פלוגות,37 חיילם בריטיים 75 נוטרים יהודים,שני מקלעים,ארבע משאיות,,מחלקת משמר צינור הנפט פלוגת האש ,,,אורד צ'רלס וינגייט,,לורנס איש ערב מהוגי רעיון הפעולות המיוחדות במסגרת המרד הערבי נגד האימפריה העות'מאנית,,,15,Wingate
Special Operations Unit,"יחידה מיוחדת לפעולות מיוחדות פו""ם ",Yitzhak Sadeh,Filed Companies,Palmach,Haganah,1939,1941,Haganah,Center,Clandestine,,,,,5 ביוני,הגנה דינאמית,מיליציה,פרסום הספר הלבן,פרוץ מלחמת העולם השניה,נמוכה,מאבק בבריטים,,,פרישה ארצית,ההגנה - אם כי זרוע חשאית ועצמאית,,,,,,,,,,,,,,פלוגות השדה,,,יצחק שדה,"מוניה מרדור, חיים לסקוב, אברהם נגב",,,,15,Yitzhak Sadeh
Commando 51,יחידת הקומנדו 51 קומנדו המזרח התיכון 51 גדוד המוות,,,Special Interrogation Group – SIG,British Army,1940,1941,British Army,North Africa,Commando,,,https://www.wikiwand.com/he/%D7%99%D7%97%D7%99%D7%93%D7%AA_%D7%94%D7%A7%D7%95%D7%9E%D7%A0%D7%93%D7%95_51,,,קומנדו,מקצועי,מלחמת העולם השניה,שינוי מדיניות הצבא הבריטי ביחס לחיילי קומנדו שאינם בריטיים,גבוהה,פעולות קומנדו בהתאם לדוקטרינה של הצבא הבריטי,,"ג'ניפה, סמוך לסואץ",צפון אפריקה,הצבא הבריטי,,,,"היחידה אומנה בשיטות של לוחמה זעירה באימונים מפרכים שנערכו במשמעת צבאית נוקשה. האימונים כללו שחיה, חתירה, רכיבה על גמל, לחימה פנים אל פנים, חבלה, סיור, הפעלה של מגוון כלי נשק.","מגע ראשון עם האויב בחזית, איגוף האויב, חדירה לעורף האויב לניתוק קווי אספקה. ",,פלוגה," 360 איש, מהם 240 יהודים ו-120 ערבים. הפיקוד היה בריטי",,,,,"מלחמת העולם השניה. ברדיה - לוב, אתיופיה, אריתריאה","אצ""ל, חיל החפרים, יחידות אחרות של יהודים וערבים בצבא הבריטי","היחידה הגרמנית, צנחנים",,לויטננט קולונל הנרי קייטר,"קארל כהנא, דב כהן",,,,16,
The Syrian Platoon,המחלקה הסורית ,,Filed Companies,The Arab Squad,Palmach,1940,1943,Palmach,North,Deep Reconnaissance,,,,,,מודיעין/לוחמה זעירה,מיליציה,מלחמת העולם השניה הצבא הבריטי היה מעוניין בחוליות שיפעלו בעורף נאויב במקרה של כיבוש גרמני במתכונת ה-SOE ,"מאבק בין הפלמ""ח והצבא הבריטי על השילטה ביחידה ",גבוהה,פעולות מסוערבות במדינות ערב בשירות הצבא הבריטי במתכונת ה-SOE,פעולות מסוערבות בפלשתינה בשירות ההגנה,,,הסוכנות היהודית ומנהלת המבצעים המיוחדים (Special Operations Executive; SOE),,,,,"פעילות צבאית, חבלה, אימון ימי, לימודי, שפה, דת ותרבות היחידה הניחה למעשה את הבסיס לתורת ההסתערבות",,,,,,,,,"פלמ""ח",מסתערבים,,"טוביה ארזי, יגאל אלון, ירוחם כהן","שמעון סומך, חיימקה לבקוב",תאודור וון היפל - צבא גרמניה,גבוהה,,16,
Boom Defense,יחידת הגנת הנמל - Boom Defense,,Boom Defense,Boom Defense,,1941,,Haganah,,,,,,,,הגנה דינאמית,מיליציה,מלחמת העולם השניה,,גבוהה,"הגנת הנמל מצוללות, סירות נפץ ואנשי קומנדו ימי איטלקים",הברחת נשק עבור ההגנה,נמל חיפה,,"הצבא הבריטי, ההגנה",,,,,"ימאים מיוצאי הכשרת הכ""ג, חפרים",,,12 איש,,,פצצות עומק,סירות,,"הגנה, צבא בריטי",,,דוד הכהן,"מוריס אריה, לובה אליאב",,,,,
Palmach,"פלמ""ח",,Filed Companies,IDF,Haganah,1941,1948,Palmach,,,,,,,15 במאי,,מיליציה,מלחמת העולם השניה,"הקמת צה""ל",נמוכה גבוהה,הגנה על היישוב נוכח התקדמות הצבא הגרמני לפלשתינה,בסיס לצבא,,,"הצבא הבריטי, ההגנה",,"ראשוני הפלמ""ח היו אנשי הנודדת והפו""ש",שבוע אימונים אחת לחודש,,"בימיו הראשונים נקבע כי הפלמ""ח יתמקד בלוחמה זעירה, פעולות סיור, חבלה גישוש ותקיפה",,,300,,,,,,"הגנה, נודדת, פו""ש","צה""ל",הבריגדה היהודית,יצחק שדה,"יגאל אלון, משה דיין",,גבוהה רוח היחידה כמכשיר גיוס היחידות המיוחדות כמשיר מגייס,גבוהה,16,
Scouts,הסיירים,,,The 7th Company,Palmach,1941,1942,Palmach,,Reconnaissance,,,,,,סיור,מיליציה,,,גבוהה,"סיור בנתיבים המובילים לשטח האויב, ציוד המפקד בידע מכסימאלי לגבי מה שעתיד לעמוד לפניו: לדווח לו מהם פני השטח, מהי עוצמת הכוחות שעומדים מולו ומהו מרחב התמרון של חייליו במהלכם בשטח.",,,,מודיעין שדה,,,,"כושר גופני ובהגברת מיומנותו כ""סייר"", כמו מלאכת טשטוש העקבות.
","קריאת מפה על גווניה השונים ושימוש בעזרים כגון מצפן; הכרת השבילים, הערים והכפרים, כולל דרכי הגישה אליהם ניצול מכסימאלי של תנאי השטח על מנת להגביר את אלמנט ההפתעה",,,,,,,,,,,,,,,,,,
The German Platoon,המחלקה הגרמנית,,,The Balkan Platoon,Palmach,1941,1947,Palmach,North,Clandestine,,,,,,מודיעין/לוחמה זעירה,מיליציה,מלחמת העולם השניה,צירוף לבריגדה היהודית,גבוהה,פעילות מודיעין וחבלה בשטחים כבושים על-ידי גרמניה וביחידות גרמניות בשירות הצבא הבריטי,"סיוע להעפלה, פעולות נקם בגרמנים",משמר העמק,,"ההגנה, ה-SOE",,עולים ממרכז אירופה דוברי גרמנית כשפת אם,,,,,,,,,,,,"הגנה, הצבא בריטי",,,שמעון אבידן (קוך),"יהודה בן-חורין (בריגר), אהרון יריב (רבינוביץ'), אברי אלעד","קשה לקבוע, אנשיו של סקורנצי פעלו באופן דומה",,,16,
Special Interrogation Group – SIG,היחידה הגרמנית יוצאי גדוד 51 Special Interrogation Group – SIG,,Commando 51,SAS,British Army,1942,1942,British Army,North Africa,Commando,,,https://www.wikiwand.com/he/%D7%A7%D7%91%D7%95%D7%A6%D7%AA_%D7%94%D7%97%D7%A7%D7%99%D7%A8%D7%95%D7%AA_%D7%94%D7%9E%D7%99%D7%95%D7%97%D7%93%D7%AA,,מרץ,קומנדו,מקצועי,מלחמת העולם השניה,,,פעולות קומנדו מאחורי הקויים הגרמנים,,,צפון אפריקה,הצבא הבריטי,,מתנדבים דוברי גרמנית יוצאי גדוד 51,,היחידה אומנה בהתאם למקובל בצבא הגרמני.,"התחזות, לוחמה זעירה, סיור",,פלוגה,38 יהודים מתנדבים מצבא צ'כיה החופשית,,,ציוד של צבא גרמניה,,מלחמת העולם השניה המדבר המערבי,גדוד 51,,,"קפטן בק, לוטאנאט ראסל","קארל כהנא, איתן שפיר, ישראל כרמי",,,,16,
The Arab Squad,"הכיתה הערבית של הפלמ""ח",,The Syrian Platoon,Masqueraders,Palmach,1942,1948,Palmach,Haifa,HUMINT,,,,,,מודיעין/לוחמה זעירה,מיליציה,,צירוף לפלוגת השחר,נמוכה,,,ח'ריבה כרמל,,"פלמ""ח",,מראה ערבי,,,,,,12 איש,,,,,,"פלמ""ח",פלוגת שחר,,יצחק חנקין,"יעקובה כהן, יוסף בן סעדיה, סעדיה סעיד, יוסף גיאת, דוד קומם (קיפניס), גיורא זייד, יוסקה יפת (כל הארץ), יהודה פרנקו",,גבוהה,,,
Masqueraders,"היחידה הערבית של הפלמ""ח מסתערבים מחלקת השחר",,The Arab Squad,"Intelligence 13 Wing,Intelligence Service 18 805",Palmach,1943,1948,Palmach,Haifa,Deep Reconnaissance,,,,,אביב,מודיעין/לוחמה זעירה,מיליציה,"גיבוש הפלמ""ח ככוח הצבאי הפורמאלי של היישוב, מיזוג הכיתה הערבית והמחלקה הסורית","סכסוך בין ראש אמ""ן בנימין גבלי ולוחמיה",נמוכה גבוהה,"איסוף מודיעין בקרב ערביי א""י ומדינות ערב בלא להסתמך על מקורות יומינטיים ערביים","הפעלת כוח מיוחד שיכול הן לאסוף מודיעין (לימים סיירת מטכ""ל) והן לבצע פעולות חבלה בעורף האויב",קיבוץ אלונים,,"פלמ""ח",,מתנדבים בעלי חזות מזרחית שערבית הייתה שפת עמם ,שנה עד שנתיים,,"הכשרה צבאית צליפה, סיירות, ג'ודו, ימאות, נהיגה בכלי רכב ואופנועים, ערבית כתיבה וקריאה,  תפילה, הווי, לבוש, מסורת",,,50 איש בכול רגע נתון,,,,,,המחלקה הסורית,"היחידה המבצעית של אמ""ן (יחידה 188 לשעבר 131)  קיסריה, סיירת מטכ""ל, 504, המסתערבים",לא תחרות אך הסתייגות והעדר תמיכה מצד אנשי המחלקה המדינית של הסוכנות,ירוחם כהן,"שמעון סומך, יעקב נמרודי, יעקב-זק צביה, אהרון ספקטור, רחביה ברמן",,גבוהה,,,
The Balkan Platoon,המחלקה הבלקנית,,,The Balkan Platoon,"Palmach,British Army",1943,1945,Palmach,,Sabotage,,,,,,מודיעין/לוחמה זעירה,מיליציה,מלחמת העולם השניה,,גבוהה,"עבור הפלמ""ח הצנחת עולים ואנשי הגנה ברומניה, בולגריה, סלובקיה, יוגוסלביה והונגריה במטרה ליצור קשר עם מתחרות יהודיות ולקחת חלק במבצעי מודיעין, הצלה וגרילה נגד הנאצים",עבור הצבא הבריטי - הברחת טייסים בריטים ואמריקאיים ממחנות שבויים לאיסטנבול,,"ההגנה, הצבא הבריטי",,,,,,הכשרה בצניחה ולוחמה זעירה על-ידי המדור למבצעים מיוחדים של הצבא הבריטי,,,,,,,,,"פלמ""ח",צנחני היישוב,,שמואל גבעון (הקר),,,,,16,
Jewish Paratroops,צנחני הישוב,,"The German Platoon,The Balkan Platoon",,"Palmach,British Army",1944,1944,British Army,Europe,Commando,,,,,,מודיעין/לוחמה זעירה,שילוב,מלחמת העולם השניה,,גבוהה,החדרת סוכנים של ההגנה לשטחי כיבוש נאצים,,רמת דוד,דרום מזרח אירופה,"הצבא הבריטי, ההגנה",,מתנדבים יוצאי ארצות הכיבוש,,,"צניחה, קריאת מפות ואימון בשיטות פעולה של קומנדו ומחתרת",,,240 מתנדבים 110 התקבלו,,,,,,"פלמ""ח, הבריגדה היהודית",,,דן לנר,"חנה סנש, חביבה רייק, חיים אנצו סירני, חיים יערי ולנדר",,,,,
Reconnaissance Company 7,יחידת סיירים פלוגה ז,,Scouts,The 4th Battalion,Palmach,1944,,Palmach,,,,,,,,סיור,מיליציה,"הקמת יחידות הפלמ""ח",נפילת רבים מחברי המחלקה בקרבות נבי סמואל,,סיור בעומק שטחים ערביים ,פעילות נגד מטרות בריטיות,"משמר העמק, עין השופט, דליה","מטה הפלמ""ח",,,"מגוייסים חדשים לפלמ""ח",,,"תנועה בלילה, חדירה ליעד, קרב לילה, לוחמה בשטח בנוי, שימוש בחומרי נפץ.",,,,,,,,,"פלמ""ח בוגרי קורס הסיור",,,יוחנן זריז,"דוד גורפינקל, יוסקה יהלום, אריה שחר (שורצמן), יהודה שליין, משה ברקוביץ, אפרים בלוך, שלמה שילוח",,,,,
The 4th Battalion,הגדוד הרביעי גדוד המטה,,,The 4th Battalion,Palmach,1944,1948,Palmach,Center,Reconnaissance,,,,,,,מיליציה,,,,,,,,,,,,,,,,,,,,,,,,,,,,,,,
The 7th Company,"פלוגה ז של הפלמ""ח",,Scouts,The 7th Company,Palmach,1944,1948,Palmach,North,Intelligence,,,,,ינואר,סיור,מיליציה,"נועדה לרכז את כול היחידות המיוחדות הערבית, הגרמנית, הבלקנית, הטייסים, והימית.",לטפח את מקצוע הסיירות,,,,,,,,,,,,,,,,,,,,"פלמ""ח",,,"שמעון אבידן (קוך), חיים זינגר (רון)",,,,,,
Palyam Sea Company,"פלי""מ - החוליה לחבלה ימית",,Palyam Sea Company,Flotilla 13,,1945,1948,Palyam,Navy,Naval,,,,,1 בנובמבר,לוחמה זעירה,מיליציה,המגבלות של הבריטים על העליה,"פירוק הפלמ""ח",נמוכה גבוהה,סיוע למעפילים,פעילות חבלה נגד מטרות ערביות במהלך מלחמת השחרור,שדות ים קיסריה,,"מפ""ם, אחדות העבודה, הגדוד הרביעי של הפלמ""ח",,,,,,,,,,,,,,"פלמ""ח הגדוד הרביעי","השירות הימי, שייטת 13",,יוחאי בן-נון,,,"גבוהה, בני מרשק, חיים חפר, דן בן אמוץ",,,
Negev Animals 1 Shiloni,חיות הנגב מחלקת שילוני,,Negev Animals 1 Shiloni,Negev Animals 1 Shiloni,,1947,1948,Palmach,South,,,,,,20 בדצמבר,סיור/לוחמה זעירה,מיליציה,תכנית החלוקה,,נמוכה וגבוהה,הגנה על קווי המים ועל הדרכים שבין היישובים,,,דרום משמר הנגב,"הגדוד השני פלמ""ח",,גיוס מילואים ררבה מחיפה,,,,,,50 לוחמים,,,"רובי אנפילד, תתי מקלע סטן ושני מקלעי ברן, מכשירי קשר","ג'יפים, משוריינים",מלחמת העצמאות איסדוד,"פלמ""ח, מ""ן","פלוגת הסיור, גדוד 9, חטיבת הנגב",,שמחה שילוני,דודק'ה מגן ,,"כינו את עצמם ""חיות הנגב"" והחליטו שהגמל יהיה סמלם",,,
Negev Animals 2 Beeri,חיות הנגב מחלקת בארי,,Negev Animals 2 Beeri,Negev Animals 2 Beeri,,1947,1948,Palmach,South,,,,,,,סיור/לוחמה זעירה,מיליציה,תכנית החלוקה,,,אבטחת קוו המים המערבי,,,דרום גזרה מערבית,"הגדוד השני פלמ""ח",,הרזרבה של משקי עמק יזרעאל,,,,,,20 לוחמים ,,,,,,"פלמ""ח","פלוגת הסיור, גדוד 9, חטיבת הנגב",,,,,עכברי המדבר,,,
Port Company,פלוגת הנמל,,,,,1947,1948,Palyam,Navy,Defensive,,,,,,הגנה דינאמית,מיליציה,הטבח בבתי הזיקוק,,,הגנה על פועלי נמל חיפה היהודים,"רכש עבור חיל הים העתידי, לחימה בקרבות לשחרור חיפה",נמל חיפה,,"פלי""ם, הגדוד הרביעי של הפלמ""ח",,,,,,,,,,,,,,"פלי""ם","שייטת 13, מדור בקרת נזקים, 707",,יוחאי בן-נור,אדמונד וילהלם ברילנט,,,,,
,"פלס""ר שריון 17",,,,,,,,,,,,,,,,,,,,,,,צפון,,,,,,,,,,,,,ג'יפים,,,,,,יהודה שפיגל,,,,,
,"פלס""ר שריון 37",,,,,,,,,,,,,,,,,,,,,,,,,,,,,,,,,,,,,,,,,,,,,,,
,"פלס""ר שריון 57",,,,,1948,,,,,,,,,,,,,,,,,,,,,,,,,,,,,,,,,,,,,,,,,,
17 Armored Reconnaissance Gunda,"פלס""ר 7",,Golani 19 Battalion,9 Armored Brigade,,1948,1953,Armor,North,Armor Reconnaissance,,,,,,,,,קרב החרמונית מלחמת יום כיפור,גבוהה,"פתיחת הציר לפני החטיבה, איתור ונטרול מארבים וכוחות אויב",איסוף מודיעין קרבי,,,שריון,,,,,,רגיל,,,,,"נשק חי""ר",ג'יפים,"מלחמת העצמאות, מלחמת ששת הימים, מלחמת יום-כיפור",חטיבה 7,"פלס""ר 7, 401, 188",,,,,,בינונית,,
Barak Battalion 12 Golani,גולני גדוד ברק 12,,Barak Battalion 12 Golani,Barak Battalion 12 Golani,,1948,,Infantry,North,Reconnaissance,,,,,פברואר,,,מלחמת השחרור,,,,,,צפון מזרח,,,,,,,,,,,,,,,"פלוגות חי""ש, פל""מים ונוטרים מבקעת כנרות, עמק הירדן והגליל התחתון מחלקת הקומנדו",,,,"יצחק ברושי, רפי קוצר",,,,,
Bomb Disposal Unit 1948,"יחס""פ",,Bomb Disposal Unit 1948,Bomb Disposal Unit 1948,,1948,1995,Engineering,General,Bomb disposal,,,,,,,,מלחמת השחרור,,גבוהה,,,,,,,,,,,,,,,,,,,סלקי פצצות יהודים בצבא הבריטי,"סיירת יעל, יהלם, מחס""רים",,"עמנואל שחר, רודי (ראובן) שפלן",מרדכי מרון,,,,,
Commando Battalion 75 French Commando,הקומנדו הצרפתי גדוד 75,,Commando Battalion 75 French Commando,Commando Battalion 75 French Commando,,1948,1948,Palmach,South,Commando,,,,,אוגוסט,,,מלחמת השחרור,נטמע בגדוד הפשיטה התשיעי,גבוהה,,"אחרי המלחמה אבטחת גבולות מרחב הנגב; מארבים, מיקוש צירי תנועה",,,"פלמ""ח - גדוד פשיטה 9",,גיוס עולים חדשים 90 מתוך 400 מגוייסים,,,,,שתי מחלקות קומנדו ומחלקת מטה,90 לוחמים 70 אנשי מנהלה,,,"טומיגן, ברן, שפנדאו, חבלה, מטולי פיאט",,,,התמזגה בגדוד 9,,טדי דיופרה (איתן),"יעקב דומבורובסקי, הרב פימה מימון",,,,,
Commando Battalion 89,גדוד קומנדו 89,,Commando Battalion 89,Commando Battalion 89,,1948,,Palmach,Center,Raid,,,,,27 במאי,,,מלחמת השחרור,"פירוק הפלמ""ח",גבוהה,גדוד פשיטה ממוכן,,תל ליטוינסקי - תל השומר,,"פלמ""ח צה""ל חטיבה 8",,,,,,,,,,,,,קרבות עשרת הימים,"חטיבה 8 של הפלמ""ח",,,משה דיין,"יוחנן פלץ, טדי דיופרה (איתן)",,,,,
Divers,הצוללים,,Divers,Flotilla 13,,1948,1948,Palyam,Navy,Naval,,,,,,,מיליציה,מלחמת העצמאות,נטמעה בשייטת 13,,הפעלת מכשירי צלילה אוטונומיים,,,,,,,,,,,,,,,,,,"פלי""ם",שייטת 13,,יוסף דרור,,הקומנדו הימי האיטלקי הפשיסטי,,,,
Intelligence Service 18 805,"ש""מ 18 יחידת הסוכנים של שירות המודיעין של צה""ל",,Intelligence Service 18 805,Intelligence Service 18 805,,1948,1950,Intelligence,AMAN,Spyware and sabotage,,,,,,מודיעין/לוחמה זעירה,,,,,,,,,מודיעין,,,,,,,,,,,,,,מסתערבים - שחר,,,"סומך, שמריה גוטמן",,,,,,
Maritime Demolition Unit,יחידת החבלנים – קיסריה,,Maritime Demolition Unit,Flotilla 13,,1948,1948,Palyam,Navy,Naval,,,,,,,מיליציה,מלחמת העצמאות,נטמעה בשייטת 13,גבוהה,הפעלת סירות נפץ,,קיסריה,,"פלי""ם",מפעילי סירות נפץ,,,,הפעלת סירות טורפדו קטנות,,,12 איש,,,סירות נפץ שנרכשו באיטליה,סירות,,החוליה לחבלה ימית,"השירות הימי, שייטת 13",,יוחאי בן נון,"יגאל וייס,שאול אורן, אברמוב זלמן, ארד שרגא, ברוקמן יצחק, הוכברג צבי, וינטרוב דב, ורדי יעקב, זלינגר חנוך, טובלין זרובבל, סגל שלמה, ריטוב יעקב ושביט אברהם",הקומנדו הימי האיטלקי הפשיסטי המדריך קפריוטי,,,,
Naval Commandos,הקומנדו הימי יחידת המתאבדים של אסקימו,,Naval Commandos,Flotilla 13,,1948,1948,Palyam,Navy,Naval,,,,,מאי,,מיליציה,,,,,,יפו,,השרות הימי,,"יוצאי פיל""ם והצבא הבריטי",,,,,,30 איש,,,,,,השירות הימי,שייטת 13,,אורי ברכמן-שילה,אהרן בן-יוסף,,,,,
Paratroopers 1948,יחידת הצנחנים הראשונה,,Paratroopers 1948,Paratroopers 1948,,1948,1949,Infantry,Haifa,Airborne,,,,,2 בספטמבר,,"חי""ר",מלחמת העצמאות,"המשמעת הרופפת ותאונות האימונים הקטלניות הביאו את המטה הכללי להחלטה כי יש להחליף את המפקד, לנפות את מרבית הקצינים והחיילים ולבנות יחידה חדשה",גבוהה,הכשרת צנחנים למשימות מעבר לקווי האויב.,,"אחוזה, חיפה",,צנחנים,,"מתנדבים בעלי רקע מגוון, רמה נמוכה.",,קורס צניחה,היחידה לא הפכה מבצעית,,שלוש פלוגות לוחמות ופלוגת הדרכה,לקראת סוף שנת 1948 היו ביחידה 219 חיילים מהם 28 קצינים ו- 171 בעלי דרגות אחרות ,,,,,,"צנחני הישוב, יוצאי גדוד 51, פלמ""ח",צנחנים,,יואל פלגי,"קרל כהנא, יצחק ספקטור, חיים גורי, דן אבני, יוסף אגסי, דב אל-עמי, שמשון בר-נוי (נוימן), חיים גורי (גורפינקל), י. גלר, יצחק גרינולד, ראובן דרוסקין, יעקב וידיסלבסקי, ב. כהן, קרל כהנא, ארתור לנדמן, י. קופרשטיך, ושמואל קריינר.",,,נמוכה,,
Reconnaisance Platoon Golani,סיירת גולני,,Reconnaisance Platoon Golani,Reconnaisance Platoon Golani,,1948,,Infantry,North,Reconnaissance,,,,,,,,,,,,יחידת ההתערבות של פיקוד צפון,,צפון,חטיבת גולני,,,20 חודשים עד 2002 מאז 16 חודשים,,"קורס לוט""ר, מו""ס, צניחה, אימוני קרב מגע, ניווטים רבים, ולוחמת חי""ר",,,,,,,,,פליטי חטיבת אלכסנדרוני,101,,,"צבי עופר, חיים ארדיטי",,,,,
Reconnaissance Company 9th Battalion,פלוגת סיור גדוד הפשיטה הממוכן 9,,Reconnaissance Company 9th Battalion,Reconnaissance Company 9th Battalion,,1948,1948,Palmach,South,,,,,,28 במרץ,,"חיר""ם",מלחמת השחרור,"הקמת צה""ל",גבוהה,"הפעלת זחלמ""ים עם תותחי 20 מ""מ כנגד משוריינים מצריים",,שטח דפו ליד 'יבוץ רוחמה,,,,,,,,,2 יחידות,270 לוחמים,,,,"ג'יפים, זחלים",,"פלמ""ח",חטיבה 7 חיל השריון,,ישראל כרמי,,,,,,
Samson's Foxes Givati,"שועלי שמשון - פלוגה ב', גדוד 54, גבעתי",,Samson's Foxes Givati,Samson's Foxes Givati,,1948,1956,Infantry,South,Deep Reconnaissance,,,,,,,"חיר""ם",מלחמת השחרור בעקבות התרשמות מהישגי חיות הנגב,,גבוהה,"חי""ר ממוכן",,,דרום,"הגנה, צה""ל",,,,,,,,,,,,"ג'יפים, קומנדקר, משאית, משוריינים",,חיל השדה,,,"שמעון אבידן, אריה שפק",,,שועלי שמשון,,,
,יחידה 805 (מודיעין 18) יחידת הסוכנים,,,,,1949,,Intelligence,,,,,,,,,,הקמת חיל המודיעין,,,לשכה לשירותים אסטרטגיים שתפעל במשימות של ריגול וחבלה,,משמר הים,,מודיעין,,,,,,,,,,,,,,מסתערבים,"יחידה 131, יחידה 132",,,אברהם דר,,,,,
Intelligence Unit 154,"יחידה 154 קת""מ מודיעין 10",,Intelligence Unit 154,Intelligence Unit 154,,1949,,Intelligence,AMAN,HUMINT,,,,,,מודיעין/לוחמה זעירה,נמוכה,,,גבוהה,מודיעין,,,פרישה ארצית ובמדינות יעד,מודיעין,,,,,"ליקוט מידע על צבאות ערב השכנים, נתוני שטח וידיעות על תשתית",,,,,,יומינט,,,"ש""י, שירות מודיעין 1","סיירת מטכ""ל, 504",,דוד קרון,"אברהם ארנן, אברהם כהן, יעקב (ז'ק) צביה, רחביה ורדי, חיים שדמי",,,נמוכה,,
Intelligence Unit 504,יחידה 504,,Intelligence Unit 504,Intelligence Unit 504,,1949,,Intelligence,AMAN,Operating agents,,,,,,,,,,,איסוף מידע מודיעיני באמצעות הפעלת סוכנים בקרבת גבולותיה של ישראל; חקירת שבויים שנופלים בשבי ישראל; מבצעים מיוחדים,,,פרישה ארצית ובמדינות יעד,מודיעין,"קת""ם, קצין לתפקידים מיוחדים",,,,"קת""מים מתלווים לפישטות של יחידות עלית מעבר לגבול",,,,,,,,,154,,"מוסד, שב""כ",,"יהודה דנגורי, יהושע בר תקווה",,,,,
Itelligence 132,יחידה 132,,,,,1949,,Intelligence,AMAN,,,,,,,,,,,,,,,,,,,,,,,,,,,,,,,,,,,,,,,
Airborne Battalion 890 1950,"גדוד 890 במסגרת בה""ד 8 ביה""ס לצניחה",,Airborne Battalion 890 1950,Airborne Battalion 890 1950,,1950,,Paratroopers,Center,,,,,,,,,כישלון יחידת הצנחנים הקודמת,,,הכשרת צנחנים,"לא הוגדר, עסקו בעיקר בבט""ש באיזור ירושלים, בהמשך פעולות תגמול.",תל-נוף,,,,"קשיים בגיוס. קיבוצניקים ומשבניקים פנו לנח""ל. עולים חדשים וילידי הארץ הותיקים הגיעו לגולני גבעתי ושריון ו""השארית"" הגיעה לצנחנים",,צניחה,,,פלוגה מבצעית אחת,72,תוך שנה התווספו שתי פלוגות נוספות,,,,,,צנחנים,,יהודה הררי,"מסרל טוביאס, יצחק ולקר, ירחמיאל אבנון, קלמן מגן, יחיאל לוין, מרדכי ילישביץ, ברוך פרומקין, שבתאי אילון (אילוז), אברהם תמיר (סיומקין), גדעון ריבלין .",,,,,
Intelligence 13 Wing,ענף 13,,Intelligence 13 Wing,Intelligence 13 Wing,AMAN,1950,1950,Intelligence,AMAN,Special Operations Command,,,,,,,,"ענף מבצעים שמאחד את היחידות לפעולות מיוחדות, אמור היה לכלול את שייטת 13 וטייסת 13 שלא הוקמה",,,,לחבל בהכנות מדינות ערב למלחמה ובכוננותן המלחמתית בימי שלום ומלחמה,,,,,,,,,,,,,,,,,,,,חיים יערי ולנדר,,"הוקם על פי המודל של ה-SOE - מדור לחתרנות מבצעית ללוחמה זעירה בעומק ארצות האויב, ומדור ללוחמה פסיכולוגית/תעמולה שחורה",,,,
Shayetet 13,שייטת 13,,"Port Company,Palyam Sea Company,Divers,The 4th Battalion",,,1950,,Navy,Navy,Naval Commando,,,,,,לוחמה זעירה,,,,,,,עתלית,,ים,,,,,,,,,,,,,,,,,,,,,,35,
Unit 30,יחידה 30,Moshe Dayan,Unit 30,Sayeret Shaked 424,,1951,1952,Regional,South,Preventive,,,,,,,נמוכה,הסתננויות,,נמוכה,"הגנה דינאמית, המנעה","מיפוי, סיור, פעולות תגמול ",,דרום,,,גיוס אקראי,4 חודשים,,"מסעות ארוכים אימוני כידון, קורסים בחבלה, בצליפה ובנהיגה, קורס צניחה",,2 מחלקות,30 לוחמים,,,"סטן, ברן ",,,חטיבת הנגב,שקד,,"אברהם לוין, חיים דים","בני ענבר, אהרון קמרה",,,נמוכה,20,Moshe Dayan
Intelligence 131,יחידה 131,,,Intelligence 188,AMAN,1953,,Intelligence,AMAN,HUMINT,,,,,,,,,פרשת לבון,,"פעילות בעת מלחמה בלב ארצות אויב, לזרוע בהן בהלה, לפגוע ברצון הלחימה של האוכלוסייה על ידי ביצוע פיגועים, הפצת תעמולה שחורה, ושיטות אחרות של לוחמה פסיכולוגית שנוסו במלחמת העולם על-ידי ה-SOE",ליחידה לא הוגדר תפקיד בתקופות שבין מלחמות,"בסיס עיקרי בקריה, בנוסף בית ספר ומחלקת קשר עם הסוכנים ",,"מודיעין כפיפות ישירה לראש ממ""ן",,קשיים בגיוס.  החלטה לגייס הרפתקנים ואנשים עם עבר פלילי בכלל זה אברי אלעד ומרדכי קידר גיוס של יהודים מארצות ערב,,,,,,,,,,,,,,,,,,,,,
Unit 101,יחידה 101,"Arik Sharon, Meir Har Zion",Unit 101,Airborne   (890),,1953,1954,Infantry,Center,Retaliations,,,,,אוגוסט,,מיון/הכשרה,הסתננויות,,נמוכה,פעולות תגמול,,,,,,,,,,,,,,,,,,החטיבה הירושלמית,צנחנים,,אריאל שרון,,,גבוהה,גבוהה,20,"Meir Har Zion, Arik Sharon"
135 Armored Reconnaissance Battalion,"פלס""ר 7",,9 Armored Brigade,Palsar 7 Armored Reconnaissance Company,,1954,1956,Armor,North,Armor Reconnaissance,,,,,,,,,,גבוהה,"פתיחת תאי שטח לחטיבת השיריון, איסוף מודיעין, איתור איומים וביצוע משימות מיוחדות- רגליות ורכובות","הכוונת מסק""רים וכוחות, תקיפת יעדים ועוד",,"מטכ""לי",שריון,,"גיוס לשריון, פרופיל וקב""א גבוהים, גיבוש",14 חודשים,,"טירונות חי""ר עם אגוז, אימון מתקדם, הכשרה ביחידה לוחמה בשטחים שונים, ניווט, הסוואה, איסוף מודיעין קרבי, קורס סיור ייעודי ",,,,,,"חי""ר, אמצעי תצפית וסיור","ג'יפים - חמישיות, האמרים","במלחמת לבנון השניה היחידה הכווינה מסק""רים ולא טנקים","פלס""ר 7","פלס""ר 401, 188",,,,,,בינונית,,
Airborne  Reconnaissance Platoon 890,סיירת הצנחנים פלוגת הסיור של גדוד 890,,Airborne  Reconnaisance (890),Airborne  Reconnaisance (890),,1954,1955,Paratroopers,Center,Retaliations,,,,,,,,,,,,,,,,,,,,,,"3 מחלקות ובכל מחלקה 4 חוליות, בכל חוליה 4 לוחמים",,,,,,,,,,מאיר הר ציון,,,,,20,
Airborne Reconnaissance Company 890,סיירת הצנחנים הראשונה מחלקת הסיור של גדוד 890 ,,Airborne   (890),Airborne   (890),,1954,1954,Paratroopers,Center,Airborne,,,,,,,,,,,,,תל-נוף,,,,,,,,,מחלקת סיור על בסיס לוחמי 101,,,,,,,,,,מאיר הר ציון,,"מיכה בן ארי קפוסטה, אהרון (ארול) אשל, מאיר יעקבי, יאיר תל צור, שמעון כהנר (קצ'ה).",,,,
Nahal Reconnaisance Platoon 150,"סיירת נח""ל ערבה 150",,Unit 30,Sayeret Shaked 424,,1954,1954,Regional,South,Preventive,,,,,,,,הרצח במעלה העקרבים,,נמוכה,"ליווי שיירות בנגב, סיורים בנגב מאבק במסתננים",,,דרום,,,,,,,,חמש מחלקות,90 לוחמים,,,,"עשרים ג'יפים, עשרה קומנדקרים, מוס קל",,,נטמעה ב-890,,"יעקב ארנון, צבי לבנון",,,,,20,
Intelligence 188,"יחידה 188 אמ""ן",,Intelligence 131,Mossad,AMAN,1955,,Intelligence,AMAN,Humint,"Bergman, Ronen. 2018. Rise and Kill First: The Secret History of Israel’s Targeted Assassinations. Random House Publishing Group. ",,https://paperpile.com/app/p/b3ce1447-c4e4-07cd-acf7-7250a1129fd8,,,,,,איחוד עם המוסד יחידת קיסריה,,היומינט,,,ריגול,מודיעין,,,,,,,,,,,יומינט,,,,קיסריה,,,"וסק'ה יריב (שכונה ""דן""), סגנו גדליה
חלף ושמעון סומך (""סמעאן"")",,,,22,
Sayeret Shaked 424,סיירת שקד 424,,Sayeret Shaked 424,Sayeret Shaked 424,,1955,1979,Regional,South,Preventive,,,,,מאי,,,"הסתננויות, בעיקר בגיזרה הדרום-מערבית של פיקוד הדרום",פירוק הסיירות הפיקודיות,נמוכה,המנעה,החל משנת 1970 גדוד קומנדו תחת פיקודו של דני וולף רהב,,דרום,,,,,,"שילוב בין גישות מסורתיות לגישוש לבין הפעלת אמצעים מתקדמים: דגן - מקלע המופעל באמצעות קרן פוטו אלקטרית, קשת - מכ""ם קרקעי מגלה חדירות.",,,,,,,"ג'יפים, מסוקים",,"יחידה 30, כוח משימה קטן שהוקם בפיקוד המרכז, סיירת נח""ל ערבה 150",הסיירות הפיקודיות,,צבי עופר,"נדב נוימן, עבד אל-מאג'יד, דב סטרליץ, דני וולף רהב",,,,20,
7 Armored Reconnaissance Company,"פלס""ר 7",,Palsar 7 Armored Reconnaissance Company,Palsar 7 Armored Reconnaissance Company,,1956,1973,Armor,North,Armor Reconnaissance,,Palsar 7 1967.pdf (https://dl.airtable.com/kKbgkzHPRvOr1yAYqhvM_Palsar%207%201967.pdf),,,,,,,,גבוהה,"פתיחת תאי שטח לחטיבת השיריון, איסוף מודיעין, איתור איומים וביצוע משימות מיוחדות- רגליות ורכובות","הכוונת מסק""רים וכוחות, תקיפת יעדים ועוד",,"מטכ""לי",שריון,,"גיוס לשריון, פרופיל וקב""א גבוהים, גיבוש",14 חודשים,,"טירונות חי""ר עם אגוז, אימון מתקדם, הכשרה ביחידה לוחמה בשטחים שונים, ניווט, הסוואה, איסוף מודיעין קרבי, קורס סיור ייעודי ",,,,,,"חי""ר, אמצעי תצפית וסיור","ג'יפים - חמישיות, האמרים","במלחמת לבנון השניה היחידה הכווינה מסק""רים ולא טנקים","פלס""ר 7","פלס""ר 401, 188",,,,,,בינונית,,
332 Battalion,מרגמות מוצנחות 322,,332 Battalion,332 Battalion,,1956,1956,Paratroopers,Center,Airborne Artillery,,,,,,,,,,,,,,,,,,,,,,,,,,,,,,,,,,,,,,
Airborne  Reconnaisance 5173,סיירת צנחנים 202 פלוגת סיור חטיבתית 5173,,Airborne  Reconnaisance 5173,Airborne  Reconnaisance 5173,,1956,1957,Paratroopers,Center,Reconnaissance,,,,,,,,,,,פעולות תגמול,,החל מ-1957 תל-נוף,מרכז,"חי""ר",,,,,,,,,,,,,,"101, 890","סיירת מטכ""ל, סיירת צנחנים",,"אריאל שרון, מאיר הר-ציון","מאיר הרציון, מיכה בן-ארי",101,,,,
Sayeret Egoz 483 Reconnaissance 1,סיירת אגוז 483,,Sayeret Egoz 483 Reconnaissance 1,Sayeret Egoz 483 Reconnaissance 1,,1956,1957,Regional,North,Commando,,,,,,,,לקראת מבצע קדש יחידה דרוזית לפעילות בעורף האויב הדרוזי,התקלות במארב של משמר הגבול באום-אל פאחם,,פעילות מיעוטים בעורף הסורי במקרה שהם יצטרפו למלחמה,"בט""ש בגיזרת ג'נין",מחנה בן עמי בהמשך משטרת כרכור,צפון,"חי""ר",,קבוצת חיילים דרוזים,אימון הקמה וגיבוש שלושה חודשים,"קרב מגע, סיור, טפוגרפיה, כלי נשק שונים",,,,25 לוחמים,,,,,,,"סיירת אגוז, יחידות מיעוטים",,אריה גורדי,נפתלי אלקין,,,,,
Unit 755,"נ""ט 755",,Unit 755,Unit 755,,1956,1970,Artillery,,ATM,,,,,,,,,,,,,,,,,,,,,,,,,,,,,,,,,,,,,,
Airborne  Reconnaissance 73,,,Airborne  Reconnaisance 73,Airborne  Reconnaisance 73,,1957,,Paratroopers,Tel Nof,Reconnaissance,,,,,,,,,,,,,,,,,,,,,,,,,,,,,,,,,,,,,,
Sayeret Matkal 262 269,"סיירת מטכ""ל",,,Sayeret Matkal 262 269,"Special Operations,AMAN",1957,,Intelligence,AMAN,SIGINT,"Kfir, Ilan; Dor, Danny. Barak. Barak Wars of My Life. Or Yehudah: Kineret; Zemorah-Bitan.",,,,,,,,,,,,,,"אמ""ן",,,,,,,,,,,,מסוקים,,"154, סיירת צנחנים",שלדג,"חרוב, שקד","אברהם ארנן, מאיר הר ציון",מיכה בן-ארי,SAS,,,"35, 22",
Defensive Divers 707,צוללים הגנתיים 707 בהמשך יחידה לחבלה ימית,,Flotilla 13,"Flotilla 13,Yaltam Underwater Missions",,1962,1974,Navy,Navy,Defensive Diving,,,,,,,,הסרת נטל הצלילה ההגנתית מהשייטת,בהנהגת שאול זיו היחידה לקחה על עצמה תפקידים התקפיים הוגדרה כיחידת פשיטה. ולא הייתה עוד הצדקה להפרדה משייטת 13,נמוכה,עבודות תת מימיות בעלות אופן טכני,"החל משנת 1965  פעילות בט""ש ביחד עם סיירת שקד ועם גולני, תחרות עם שייטת 13",,,ים,,חיילים שלא השלימו מסלול בשייטת 13 ולאחר מכן גיוס ישיר,,,,,יחידה קטנה בת שבעה עשר לוחמים ששילבה חיילים סדירים ואנשי קבע,,,,,,,"יחידת האמודאים, מספנות חיל הים ומדור בקרת נזקים","שייטת 13 ילת""ם",, אדמונד וילהלם ברילנט,"שאול זיו, נדב קלע, דב בר, יוסי דר, איתמר שחם",,הניסיון להעביר לוחמי שייטת ליחידה נתפש כפחיתות כבוד,,,
Egoz,אגוז,,,,,1963,,Regional,,,,,,,,,,,,,מארבים באזורי חדירת מחבלים,,,,,,,,,,,,,,,,,,,,,,,,,,,
Paratroopers Engineer Company,"פלחה""ן צנחנים",,Paratroopers Engineer Company,Paratroopers Engineer Company,,1963,2002,Infantry,Center,Engineering,,,,,,,,,,,"פשיטות חבלה בעורף האויב וכן כל מבצע הנדסי רכוב, רגלי או מוצנח.","בט""ש",,,"חי""ר",,,,,,,,,,,,,,מחלקת חבלה מסגרת חטיבת המילואים 80,"פלחה""ן במסגרת הגדס""ר",,מייק מיכאלי קיש,,,,,,
Sayeret 525 Reconnaisance,סיירת 525,,Sayeret Shaked 424,Sayeret Shaked 424,,1963,1964,Regional,South,Preventive,,,,,,,,"הסתננויות, בערבה ובהר הנגב ",נטמעה בשקד,נמוכה,המנעה,,,דרום,,,,,,"מרדפים, מיקוש",,,,,,,ג'יפים,,יחידה 300,סיירת שקד,,אהרון גיל,"סאלח אל-הייב, אמציה חן פצי",,,,,
Sayeret Egoz 483,סיירת אגוז 483,,Sayeret Egoz 483,Sayeret Egoz 483,,1963,1974,Regional,North,Preventive,,,,,,,,החלטת הפיסגה הערבית על הטיית מי הירדן אבטחת המוביל הארצי,פירוק הסיירות הפיקודיות,נמוכה,"כוח סיור להיערכות הגנתית, משימות ביטחון שוטף עיקוב וגישוש מניעת חדירות של חוליות פתח מגבול הצפון.",יחידת עלית שתהיה זמינה באופן קבוע ובעלת היכרות מעמיקה עם הגיזרה,מחנה שנלר – הוילה בנצרת,צפון,"חי""ר",,יחידה התנדבותית,טירונות בגולני קורס סיור,"הלוחמים עברו טירונות בגולני ועברו ליחידה לקורס סיור עם תום הקורס קיבלו הלוחמים סמל 'כנפי אגוז'. לאחר מכן הם חזרו לגולני לקורס מ""כים. הם עברו גם קורס צניחה. רבים נשלחו לקורסים מקצועיים נהיגה, חובשים, חבלנים מד""סים",,,,,,,,,,,,,חיים סלע,אבי תלם,,,,,
Golani Engineering company,"פלחה""ן גולני מילואים",,Golani Engineering company,Golani Engineering company,,1965,2001,Infantry,North,Engineering,,,,,,,,,,,"לחימת חי""ר תוך שילוב כשירויות הנדסה וחבלה: התמודדות עם מוקשים ומטענים, פילוס נתיבים והקמת גישור וביצורים, מילכוד מתקני אוייב, פיצוץ, פריצה והשמדה.","במלחמת יום הכיפורים שימשה הפלחה""ן כסיירת",,,,,ריכוז של 50 חיילים משלושת גדודי החטיבה במסגרת גדוד 601 של הנדסה קרבית,,,"בעיקר מארבים, המנעה",,פלוגה,23 לוחמים,בשיא גדוד מורחב של חמש פלוגות,,ציוד ייחודי למארבים אמצעים לראיית לילה שפותחו עם רפאל,ג'יפים וקומנדקרים ,"ששת הימים, התשה, יום כיפור","סיירת אגוז, גולני",סיירת ארז - אלפיניסטים - אגוז,,שייקה ארז,,,,,,
114 Squadron Night Leaders Squadron,טייסת מובילי הלילה,,114 Squadron Night Leaders Squadron,114 Squadron Night Leaders Squadron,,1966,,Air force,Air Force,Landing of forces,,,,,ינואר,,,,,גבוהה נמוכה,"הנחתת כוחות מעבר לקווי האויב, הובלת ציוד לחימה וחילוץ נפגעים",,,,,,,,,,,,,,,,מסוקי סופר פרלון-צרעה לאחר מכן מסוקי יסעור,,,,,,,,,,22,
Bat (ATALEF) Unit,יחידת עטלף,,Sayeret Shaked 424,Bat (ATALEF) Unit,,1966,1966,Regional,South,Optical observations,,,,,,,,,,,,,,,,,,,,,,,,,,,,,,,,,,,,,,
Duchiphat Hoopoe Reconnaisance,סיירת דוכיפת,,Duchiphat Hoopoe Reconnaisance,Duchiphat Hoopoe Reconnaisance,,1966,1969,Paratroopers,Center,Airborne Armor,,,,,,,בינונית,חשיבה מוטעית כי ניתן יהיה להוביל שריוניות aml 90 באמצעות מסוקים ולסייע לצנחנים,כישלון בהפעלת השריוניות,גבוהה,כוח נייד ובעל עבירות גבוהה סיוע לצנחנים בשדה הקרב,"אחרי המלחמה בט""ש ברצועת עזה ובבקעת הירדן",,,"חי""ר שריון קל",,,,,"הפעלת 14 שריונית aml 90 על-ידי אנשי חי""ר צוות שריונית כלל 3 אנשים. צנחנים שעברו קורס מרוכז למקצועות השריון - כולל מפקדי שריוניות - בבית הספר לשריון בג'וליס",,פלוגה,,,,,,"ששת הימים, כראמה",צנחנים,,,אהוד שני,"יאיר רפאלי, עדי ליבנה, יורם כפרי, גידי בן-יוסף, אמנון ליפקין-שחק",,"הניסיון להעביר לוחמי חי""ר ללוחמת שריון נתפש כפחיתות כבוד",נמוכה,,
Sayeret Haruv 484,סיירת חרוב 484,,Sayeret Haruv 484,Sayeret Haruv 484,,1966,1974,Regional,Center,Preventive,,,,,29 ביולי,,,הוקמה כמחלקת סיור ביחידת המודיעין של חטיבת הצנחנים הסדירה 35,,נמוכה,"המנעה בט""ש","לוט""ר",,מרכז,"חי""ר",,,,,"סגירה על החודרים באמצעות גששים כל גילוי של חדירה היו אנשי הסיירת סוגרים על המחבלים בעזרת מסוקים וגשש. הם היו עולים על עקבות המסתננים, מחשבים את נתיב החדירה וקצב ההתקדמות, ואז נוחתים בנקודה מסוימת ומציבים מארב. במקרים אחרים היו מגלים איכן הסתיימו העקבות ומסתערים לעבר היעד.",,,,,,,,,צנחנים,,,חזי יחזקאל שלום,,,,,,
Druze Reconnaissance Unit 244,סיירת שחר 244,,Druze Reconnaissance Unit 244,Druze Reconnaissance Unit 244,,1967,,Infantry,North,Reconnaissance,,,,,,,,,,,,,,,,,,,,,,,,,,,,,,,,,,,,,,
,הכשרת הכורדים,,,,,1968,,,,,,,,,,,,,,,,,,,,,,,,,,,,,,,,,,,,,,,,,,
ATM Recon Unit 70,"יחידת סיור נ""ט מס' 70",,ATM Recon Unit 70,ATM Recon Unit 70,,1968,,Infantry,,,,,,,,,,,,גבוהה,,,,,צנחנים,,מילואים,,,,,,,,,טילי טאו,"רק""מ יעודי (רב""י ולאחר מכן רא""ם)",מלחמת יום כיפור מלחמת לבנון,דוכיפת,פלוגות העורב,,גד נגבי,,,,,,
Polar Bear Unit 88,דב לבן בהמשך גדוד 88 בחטיבה 274,,Polar Bear Unit 88,Polar Bear Unit 88,,1968,1974,Armor,South,Armor  Commando,,,,,,,,טנקי שלל מלחמת ששת הימים,,,הפעלת טנקי הטירן הסובייטיים שנלקחו שלל במלחמת ששת הימים טנקים קלים שניתן היה להנחית אותם מרחפות ולהסוות אותם כטנקים מצריים,,,,שריון,,,,,,,,,,,,טנק טירן,מלחמת ההתשה מלחמת יום הכיפורים,"פלס""ר 7 היחידה השתייכה לחטיבה 8",,,יוסלה יודביץ,שלמה באום,,,,,
Reconnaisance Anti-Tank 582 80,"גדוד סיור ונ""ט 582 של חטיבת המילואים 80",,Reconnaisance Anti-Tank 582 80,Reconnaisance Anti-Tank 582 80,,1968,1972,Paratroopers,Center,Reconnaissance Battalion,,,,,,,,דוידי חיפש דרכים לצקת תוכן במושג הסיירות,הצבא לא תמך בהקמה ולא ראה צורך בקיום היחידה,גבוהה,"הפעלת משולבת של תול""רים, חה""ן, ויחידת הסיור - מעין גדס""ר במתכונת ראשונית ","בט""ש",,,צנחנים,,מילואים,,,לא עוצבה לגמרי. היעד של מקימי הגדוד היה לפעול בעומק שטח האויב בעת מלחמה,,,,,,"תול""רים","נגמ""שים, ג'יפים",תקופת מלחמת ההתשה,חטיבת הצנחנים,פלוגות העורב,,מיכה בן-ארי קופסטה,,"עמי-יעל אקסלרוד, אמיר קרן, נתן שורני",,,,
Sayeret 401 Armored Reconnaissance Company 1968,"פלס""ר 401",,Sayeret 401 Armored Reconnaissance Company 1968,Sayeret 401 Armored Reconnaissance Company 1968,,1968,1972,Armor,South,Armor Reconnaissance,,,,,,,,מלחמת ששת הימים,,,,,,דרום תעלת סואץ,שריון,,,,,,,,,,,,,מלחמת ההתשה,,,,,,,,,,
Shaked Pseudocerastes Shfifon,שפיפון,,Sayeret Shaked 424,Sayeret Shaked 424,,1968,1969,Regional,South,Preventive,,,,,,,,גישה התקפית כנגד פעולות מחבלים בדרום הערבה,,נמוכה,המנעה ומכות מנע תגובה לפעילות מחבלים ומיקוש בתוך שטח ישראל,פעולות תגמול והרתעה,אילת-ערבה,דרום,"חי""ר",,לוחמים ותיקים בשקד,,,"ניווטי יום ולילה, הכשרה אצל שייטת 13, פעילות ממסוקים",,מחלקה,16 לוחמים,,,,ארבעה ג'יפים,,שקד,,,בנימין בן אליעזר,אמציה חן פצי,,,,,
Special Operations,מבצעים מיוחדים,,Sayeret Matkal 262 269,,AMAN,1969,,Intelligence,AMAN,,"Margalit, Dan; Bergman, and Ronen. 2011. The Pit. Or Yehudah: Kineret : Zemorah-Bitan.",,https://paperpile.com/app/p/ef663d45-0d5c-0144-b83d-e2d597a37e53,,,,,,,,,,,,,,,,,,,,,,,,,,,,,,,,,,,
118 Squadron Nocturnal Birds of Prey Squadron,טייסת דורסי הלילה,,118 Squadron Nocturnal Birds of Prey Squadron,118 Squadron Nocturnal Birds of Prey Squadron,,1970,,Air force,Air Force,Landing of forces,,,,,אוגוסט,,,קליטת מסוקי יסעור,,גבוהה ונמוכה,"תובלת סער, חילוץ נפגעים, פינויים מקווי החזית ובמבצעים משולבים",הטסת לוחמי יחידות עלית למבצעים בעומק שטח האויב,,,אויר,,,,,הפעלת מסוקי יסוער,,,,,,,מסוקי יסעור,,מובילי הלילה,,,,,,,,,
Bomb Disposal Unit 1970,"יחס""פ - ס""פ",,Bomb Disposal Unit 1970,Bomb Disposal Unit 1970,,1970,1995,Engineering,General,Bomb disposal,,,,,,,,"הכרה של הרמטכ""ל בסלק כמקצוע ייחודי התנדבותי דוגמת טייס או צוללן",,,"ניטרול מטענים במבנים, סילוק תחמושת, פירוק מטענים מתוחכמים, ראשי קרב של טילים",,,עזה,הנדסה,סלק,,,,,,,,,,,,,"יחס""פ",,,מאיר סברייגו,יוסי רפאלוב,,,,,
Granade Rimon Unit 5176,רימון סיירת חופים,,,"Shimshon (Unit 367),Regional Brigade 417",,1970,1971,Regional,Gaza,CT,,,,,,,,"התגברות פח""ע ברצועת עזה",,נמוכה,לחימה בטרור ברצועת עזה,,,דרום,,,,,,"ירי מהיר באקדחים מסוגים שונים, פעילות בדגש על המרחבים האורבניים, יחד עם אנשי שב""כ, במטרה לאתר, לעצור ולחסל מחבלים.",,,,"מחלקת סיור (מילואים) של חטמ""ר הבקעה",,,,,צנחנים,"דובדבן, שמשמון, ימ""ס",,מאיר דגן,,,,נמוכה,,
Reconnaissance Company 679,"פלס""ר חטיבת 679 מילואים",,Reconnaissance Company 679,Reconnaissance Company 679,,1970,,Armor,North,Armor Reconnaissance,,,,,,,,,,,,,,,,,,,,,,,,,,,,,,,,,,,,,,
Shaked Chameleon Zikit,זיקית,,Sayeret Shaked 424,Sayeret Shaked 424,Granade Rimon,1970,1970,Regional,Gaza,Preventive,,,,,,,,"התגברות פח""ע ברצועת עזה",,נמוכה,המנעה הסתערבות,,,דרום,,,לוחמים ותיקים בשקד,,,"ניווטים, לש""ב אקדחים ונשק אוטומאטי, סכינים, טכניקות הסתערבות",,,,,,אקדחים,"כלי רכב מקומיים, מוניות",,שקד,,,משה רובין,,,,,,
Unit 5700,יחדת הנחתה קדמית 5700,,Unit 5700,Unit 5700,Command of the Special Air Forces,1972,,Air force,Nevatim,,,,,,,,,,,,,,,,,,,,,,,,,,,,,,,,,,,,,,,
Gadsar 87 ,גדוד סיור 87,,Gadsar 87,Gadsar 87,,1973,,,,,,,,,,,,מלחמת השחרור,,,,,,,חטיבה 8,,,,,,,,,,,,,,,,,,,,,,,
Natran,יחידת נתרן - תותחנים מוסקים,,Natran,Natran,,1973,1973,Artillery,General,Airborne Artillery,,,,,,,,,,,,,,,,,,,,,,,,,,,,,,,,,,,,,,
Reconnaissance Battalion 87,"גדס""ר 87 מילואים",,Reconnaissance Battalion 87,Reconnaissance Battalion 87,,1973,1974,Armor,South,Armor Reconnaissance,,,,,מאי,,,,הגדוד נפגע קשות בקרבות החוה הסינית עד שחדל להתקיים,גבוהה,,,,,שריון אוגדה 143,,,,,גדוד סיור משוריין,,,,,,,,מלחמת יום כיפור,אוגדה 143,"פלס""ר חטיבת 421",,"בנצי כרמלי, יואב ברום",,"פלס""ר 87 של חטיבה 8 במהלך מלחמת העצמאות",,,,
Reconnaissance Company 421,"פלס""ר 421 מילואים",,Reconnaissance Company 421,Reconnaissance Company 421,,1973,1986,Armor,South,Armor Reconnaissance,,,,,,,,,,,,,,,,,,,,,,,,,,,,,,,,חיים רודברג,,,,,,
Sayeret 401 Armored Reconnaissance Company,"פלס""ר 401",,Sayeret 401 Armored Reconnaissance Company,Sayeret 401 Armored Reconnaissance Company,,1973,1974,Armor,Center,Armor Reconnaissance,,,,,,,,הוקמה תוך כדי מלחמת יום הכיפורים,,,,,,,שריון,,,,,,,,,,,,,מלחמת יום כיפור,,,,,,,,,,
Unit 755,"נ""ט 755",,Unit 755,Unit 755,,1973,1973,Artillery,,ATM,,,,,,,,,,,,,,,,,,,,,,,,,,,,,,,,,,,,,,
Visual Intelligence Unit - 869 - The Shahaf (Seagull) Battalion,,,Visual Intelligence Unit 1973,Visual Intelligence Unit 1973,,1973,,Field Intelligence,General,Visint,"Asher, Daniel (2013): Battlefield Intelligence. The Observer before the Camp. Combat Intelligence Collection Corps.",Field Intelligence - Daniel Asher.pdf (https://dl.airtable.com/xqrCtpoMRyGxY1kuD0FT_Field%20Intelligence%20-%20Daniel%20Asher.pdf),,,,,,,,,,,,,,,,,,,,,,,,,,,,,,,,,,,,
Visual Intelligence Unit - 869 - The Shahaf (Seagull) Battalion,,,Sayeret Matkal 262 269,,,1973,,Field Intelligence,North,Visint,"Asher, Daniel (2013): Battlefield Intelligence. The Observer before the Camp. Combat Intelligence Collection Corps. P. 125",,,,,,,,,,,,,,,,,,,,,,,,,,,,,,,,,,,,,
Yamam Counter-terrorism,"ימ""מ - יחידה מרכזית מיוחדת היחידה ללוחמה בטרור",,Yamam Counter-terrorism,Yamam Counter-terrorism,,1973,,Police,General,CT,"Argaman, Yosef. 1996. The Border: The History of the Border Guard. Tel Aviv: Ministry of Defense.",,,,,,,אירוע מעלות ועדת חורב,,"נמוכה - בט""ש",השתלטות שחרור בני ערובה,"סיוע למשטרה ולשב""כ",,כלל ארצי,"מג""ב",,רובאי 7 או קורס קצינים,,,"יחידה עצמאית, כוללות צוותים מתמחים בפריצה, צליפה, חבלה, כלבנים, קופי טרור",מקוצעי קבע,,,,,"רכש עצמאי ברמת היחידה רובי סער, רובי צלפים, shotgun, תתי מקלעים, אקדחים, רימונים, מטולי לאו, רקטות נגד ביצורים מדגם שיפון תוצרת תע""ש, מטולי רימונים, רימוני הלם, אמצעי ראיית לילה, מערכת דימות תרמית, מערכת למעקב וירי מרחוק, צייני לייזר, מצלמות, אמצעי קשר, אמצעי סילוק פצצות, אמצעי זיהוי עמית-טורף",,,,,,ראובן יעקב (נמרוד),"אסף חפץ, אליק רון, דוד צור",,,גבוהה,,
98th Paratroopers Division,,,98th Paratroopers Division,98th Paratroopers Division,,1974,,Paratroopers,Center,Air assaults,,,,,,,,,,,,,,,,,,,,,,,,,,,,,,,,,,,,,33,
Battalion for Air Assignments (Shaldag) 5101, שלדג 5101,,Sayeret Matkal 262 269,Battalion for Air Assignments (Shaldag) 5101,,1974,,Intelligence,Center,Deep Reconnaissance,,,,,,,,,,,,,,,,,,,,,,,,,,,,,,,,,,,,,33,
Counterterrorism school,"לוט""ר",,Counterterrorism school,Counterterrorism school,,1974,,Infantry,Center,CT,,,,,,,,,,,"הכשרה בתחומי לוט""ר, צלפים, קליעה, טג""ח, הסוואה",פעילות מבצעית עם יחידות אחרות,,מתקן אדם,"חי""ר",,"מאז הקמת חטיבת כפיר, התגייסות לחטיבה וגיבוש",,,,,,,,,,,,,,,עמוס קוצר,,,,,,
General Staff Visual Intelligence Unit,"יחידת תצפיות מטכ""לית ית""מ",,General Staff Visual Intelligence Unit,General Staff Visual Intelligence Unit,,1974,,Field Intelligence,General,Visint,"Asher, Daniel (2013): Battlefield Intelligence. The Observer before the Camp. Combat Intelligence Collection Corps.",,,,,,,המלצת ועדת אגרנט על צורך בחיזוק הפן הויזינטי. ,,,,,,,,,,,,,,,,,,,,,,,,,,,,,,
Golani Anti-Tank Company 1974,עורב גולני,,Golani Anti-Tank Company 1974,Golani Anti-Tank Company 1974,,1974,1975,Infantry,North,ATM,,,,,,,,"לקחי מלחמת יום הכיפורים - מהפיכת הנ""ט",,,"לוחמה נגד טנקים ונגד רק""ם טאו","יחידת חיל רגלים מובחרת למשימות התקפיות מורכבות, בט""ש.",,,"חי""ר",,ריכוז לוחמים מהפלוגות המסייעות של כל גדוד בחטיבה,,,,,,,,,,,,חטיבת גולני,"פלחה""ן גולני, גדס""ר גולני",,מיקי מוסברג,,,,,,
Oketz Unit  Canine Special Forces 7142,עוקץ,,Oketz Unit  Canine Special Forces 7142,Oketz Unit  Canine Special Forces 7142,,1974,,Infantry,Center,Canine,,,,,,,,התגברות הטרור,,,הפעלה ואימון כלבים למשימות לחימה ייעודיות בכל הגזרות ובמיוחד בשטחים. המטרה המבצעית של יחידת עוקץ היא סיכול טרור ומניעת פגיעה בכוחותינו,,סירקין,,,,גיבוש חטיבת כפיר,שמונה עשר חודשים,"רובאי 7 וכן ניווט, לוחמה בטרור, לש""ב ולוחמה בשטח סבוך",,,,,,,,,,,,,,,,,,,
Paratroopers Anti-Tank Company,עורב צנחנים,,Paratroopers Anti-Tank Company,Paratroopers Anti-Tank Company,,1974,2003,ATM,Center,ATM,,,,,,,,"לקחי מלחמת יום הכיפורים - מהפיכת הנ""ט",,,,,,,"חי""ר",,,,,,,,"לוחמים ממחלקות המק""כ (מקלע כבד 0.5 מ""מ) מהפלוגות המסייעות של כל אחד מגדודי הצנחנים.",,,"בתחילת הדרך טילי עורב (טאו) בהמשך הכנסת מערכת ה""זמיר"" לאיתור מטרות וזיהויין, שדרוג טילי ""העורב"" והכנסת ההאמר כפלטפורמת הלחימה",,,חטיבת הצנחנים,"גדס""ר צנחנים",,אמנון דותן ,"יואב גוטסמן, אמיר ברעם, נמרוד אלוני, יאיר גולן, אביב כוכבי",,,,,
Unit 669 Airborne Rescue And Evacuation,669,,Unit 669 Airborne Rescue And Evacuation,Unit 669 Airborne Rescue And Evacuation,Command of the Special Air Forces,1974,,Air force,Air Force,SAR,,,,,,,,,,,,,,,,,,,,,,,,,,,,,,,,,,,,,"35, 33",
Unit Alpinistim (Res),"אלפיניסטים, סיירת ארז, סיירת החרמונים",,Unit Alpinistim (Res),Unit Alpinistim (Res),,1974,,Regional,North,Rough Terrain,,,,,,,,"פירוק יחידת אגוז, הקשיים של היחידות האחרות בלוחמה בחרמון.",,,לוחמה באיזורים מושלגים,,חרמון,צפון,אוגדה 36,,מילואים,,,,מילואים,,,,,,חתולי שלג,,סיירת אגוז,,,דוד מתג,,,,,,
General Staff Visual Intelligence Unit - Mobile Company,"יחידת תצפיות מטכ""לית ניידת",,"Sayeret Matkal 262 269,Visual Intelligence Unit 1973",,,1976,1980,Field Intelligence,General,Visint,"Asher, Daniel (2013): Battlefield Intelligence. The Observer before the Camp. Combat Intelligence Collection Corps. P. 127",,,,,,,,,,,,,"מטכ""לי",איסוף קרבי,,,,,,,,,,,,,,,,,,,,,,,
Battalion for Air Assignments (Shaldag),הגדוד למשימות חיל האוויר,,Battalion for Air Assignments (Shaldag),Battalion for Air Assignments (Shaldag),,1977,,Infantry,Center,Deep Reconnaissance,,,,,,,,,,,,,,,,,,,,,,,,,,,,,,,,,,,,,,
Battalion for Air Assignments (Shaldag) 5101,גדוד ,,Battalion for Air Assignments (Shaldag),Battalion for Air Assignments (Shaldag),,1977,1984,Infantry,Center,Deep Reconnaissance,,,,,,,,,,,,,,,,,,,,,,,,,,,,,,,,,,,,,,
Combat Engineering Reconnaissance Company 605,"מחס""ר מחץ 605 ",,Combat Engineering Reconnaissance Company 605,Combat Engineering Reconnaissance Company 605,,1977,,Engineering,North,,,,,,,,,,,גבוהה נמוכה,"סריקת שטח, איסוף מודיעין הנדסי","בט""ש",,,הנדסה,פלס-סייר,"בעבר לוחמים מצטיינים בגדוד, איתור מיוחד בעת גיבוש יהלם",,,"לוחמה, ניווטים, קורס מודיעין וסיור, הסוואה, פריצה , חבלה וקרב מגע, במסגרת האימון המתקדם.",,,,פלוגה,16 לוחמים,"אמצעי תצפית תרמי ""עמית"" ו""עמית-איכון"", וכן ""ערמון"" - משקפת הנדסית עם מד טווח לייזר, אמצעים מסווגים לניתוח קרקע ורמת עבירות. ",האמרים,,,,,,,,,,,
Golani Anti-Tank Company 1977,עורב גולני,,Golani Anti-Tank Company 1977,Golani Anti-Tank Company 1977,,1977,,Infantry,North,ATM,,,,,,,,,,,"לוחמה נגד טנקים ונגד רק""ם טאו","יחידת חיל רגלים מובחרת למשימות התקפיות מורכבות, בט""ש.",,,,," גיבוש יח""טיות (יחידות חטיבתיות)",,,,,,,,,,,,חטיבת גולני,"גדס""ר גולני",,דני הרמן,"רפי מוסברג, מוטי שפס, יואב שדמה, ציון אוטמזגין, גדי אייזנקוט.",,,,,
Golani Engineer Company,"פלחה""ן גולני סדיר",,Golani Engineer Company,Golani Engineer Company,,1977,,Infantry,North,,,,,,,,,,,,,,,,,,,,,,,,,,,,,,,,,,,,,,,
Nahal Anti-Tank Company (Res),"עורב נח""ל מילואים",,Nahal Anti-Tank Company (Res),Nahal Anti-Tank Company (Res),,1977,,ATM,North,Engineering,,,,,,,,,,,,,,,,,,,,,,,,,,,,,,,,,,,,,,
,"הסיירת המיוחדת של צד""ל כוח אבו-ליל",,,,,1978,,,,,,,,,,,,"הסתבכויות מבצעיות ודיפלומטיות של פשיטות צה""ל בלבנון",,,"כוח מיוחד של תושבי דרום לבנון שינהל מלחמת גרילה על פי ההנחיות ותחת הפיקוח של צה""ל",,מרג' עיון,צפון,"מודיעין, צד""ל",,,,,,,,16 לוחמים,,,,,,504,,,יהודה דנגורי,,מייג'ור סעאד חדד ראה ביחידה את פלוגות הלילה המיוחדות של דרום לבנון והשווה את דנגורי לוינגייט.,,,,
Yaltam Underwater Missions ,"ילת""ם יחידה למשימות תת-מימיות",,Defensive Divers 707,,,1978,,Navy,Navy,Defensive Diving,,,,,,,,"הקמה רשימית אפריל 1980. הכרה בצורך ביחידה מקצועית לפעילות תת מימית מקצועית בעיקר איתור כלי טיס שהופלו ואח""י דקר",,,"תיקון של כלי שיט של חיל הים מתחת לפני המים, ריתוך וחיתוך תת-מימי","חבלה וסילוק פצצות תת-מימיות, חילוץ והצלה",,,ים,,גיבוש בן יומיים לחיילים סדירים אך בעיקר חיילי קבע יוצאי השייטת וצוללים מקצועיים שעברו הכשרה לעבודה תת-ימית,12 חודשים ,,"רובאי 02, האימונים כוללים מסעות, צלילות בכל שעות היום והלילה, שחייה למרחקים ארוכים, טילוף-שחייה עם סנפירים, אימוני ניווט תת-מימיים, צלילות ממושכות",,קבוצה קטנה של אנשי קבע בוגרי 707,,,,"פעמוני צלילה, רובוטים לצלילה ולעבודה תת-ימית - הראשון סקורפיון",ספינת אם,,"707, שייטת 13, היחידה המקצועית",,,דני אבינון,,,,,,
Moran ,מורן,,Moran,Moran,,1981,,ATM,South,ATGM,,,,,,,,,,,,,,,,,,,,,,,,,,,,,,,,,,,,,,
Israeli Police Border Reconnaisance - North,סיירת מגב צפון,,Israeli Police Border Reconnaisance - North,Israeli Police Border Reconnaisance - North,,1982,,Police,North,Reconnaissance,,,,,,,,,,,,,,,,,,,,,,,,,,,,,,,,,,,,,,
Sayeret Yael Combat Engineering Reconnaissance,סיירת יעל,,Unit 630,Yahalom,,1982,,Engineering,General,Engineering,,,,https://news.walla.co.il/item/2627668,,,,לקחי מבצע שלום הגליל,,גבוהה,"כניסה חשאית ופילוס נתיבים בשדות מוקשים וזירות מטענים, פריצת מכשולים, מעבר מכשולי מים, מיקוש והטמנת מטענים, השמדת תשתיות אויב, סיור ואיסוף מודיעין הנדסי","שימוש בחומרי חבלה בפעילות בט""ש",,בעיקר צפון,הנדסה,,,,,"חי""ר, חבלה, הישרדות בתנאי שדה, לוחמה בטרור",,,,שלושה צוותים סדירים בנוסף צוותי מילואים,,,,,אגד הצליחה של חיל ההנדסה,"יהל""ם",,,,,,,,
Border Patrol Reconnaissance Unit - Central District,סיירת מגב מרכז,,Border Patrol Reconnaissance Unit - Central District,Border Patrol Reconnaissance Unit - Central District,,1983,,Police,Center,Reconnaissance,,,,,,,,,,,,,,,,,,,,,,,,,,,,,,,,,,,,,,
Sayeret Givati ,סיירת גבעתי,,Sayeret Givati,Sayeret Givati,,1983,2002,Infantry,South,Reconnaissance,,,,,,,,"לקחי מלחמת לבנון הצורך בחטיבת חי""ר נוספת","הקמת גדס""ר גבעתי",,,"אימצה את המורשת של שקד, וכמוה ביקשה להתמחות בפיקוד הדרום התמחות מיוחדת בעזה",,דרום,"חי""ר",,,16 חודשים,,"אימוני חי""ר מתקדמים, לוחמה בטרור, ניווטים, צניחה, סיור",,,,,,,,,,,,,"אילן סופר, אייל שליין, עמית ווינר, דן שוורצפוקס, עמוס גולדמן, אסף שביט, אייל אייזנברג, רז שגיא, בועז זלמונביץ, מוני כץ, מני מוזס, אלדד פלד, טל חרמוני, עופר וינטר, חזי נחמה, גור שרייבמן, לירון ארוך, אמיר זיגדון, ירון סימסולו, חנן בוחבוט, מוטי חיים",,,,,
Sayeret Nahal,"פלס""ר צור בהמשך סיירת נח""ל",,Sayeret Nahal,Sayeret Nahal,,1983,2002,Infantry,Center,Reconnaissance,,,,,,,,,,,,,,,,,,,,,,,,,,,,,,,,,,,,,,
Battalion for Air Assignments (Shaldag) 5101,Battalion for Air Assignments (Shaldag),,Battalion for Air Assignments (Shaldag),Battalion for Air Assignments (Shaldag),Command of the Special Air Forces,1984,,Air force,Palamachim,Deep Reconnaissance,,,,,,,,,,,,,,,,,,,,,,,,,,,,,,,,,,,,,35,
Duchiphat Hoopoe Anti-Tank Company 94,"דוכיפת יחידת נ""ט/יחנ""ט 94",,Duchiphat Hoopoe Anti-Tank Company 94,Duchiphat Hoopoe Anti-Tank Company 94,,1984,1992,ATM,Center,ATM,,,,,,,,לקחי מלחמת יום הכיפורים,"מרד ביחידה בשל הפעלתה כיחידת בט""ש ולא נ""ט",גבוהה,"נ""ט טאו","עם פרוץ האינתיפאדה הראשונה בט""ש",,,בסיס ההדרכה של הצנחנים,,,,," טירונות חיל רגלים, טירונות יחידה של שבועיים ואימוני המשך מסלול בלוחמה נגד טנקים, בניווט ובאימוני חיל רגלים מתקדמים",,שתי פלוגות,,"שתי פלוגת נ""ט ופלוגה מסייעת",,,,,,גדוד חיל רגלים ממוכן תחת פיקוד חטיבה 401 של חיל השריון,,,"עופר אילות, שרון דוידוביץ'",,,נמוכה,,
Givati Anti-Tank Company ,עורב גבעתי,,Givati Anti-Tank Company,Givati Anti-Tank Company,,1984,2002,ATM,South,ATM,,,,,,,,,,,,,,,,,,,,,,,,,,,,,,,,,,,,,,
Givati Engineer Company,"פלחה""ן גבעתי",,Givati Engineer Company,Givati Engineer Company,,1984,2002,Infantry,South,Engineering,,,,,,,,,,,,,,,,,,,,,,,,,,,,,,,,,,,,,,
General Staff Visual Intelligence Unit - Lebanon Company,"יחידת תצפיות מטכ""לית (ית""מ) פלוגה בלבנון",,General Staff Visual Intelligence Unit - Lebanon Company,General Staff Visual Intelligence Unit - Lebanon Company,,1985,,Field Intelligence,North,Visint,"Asher, Daniel (2013): Battlefield Intelligence. The Observer before the Camp. Combat Intelligence Collection Corps. P140",Field Intelligence - Daniel Asher 141.jpg (https://dl.airtable.com/QlfCi3fjS66hqRdZ6Ymo_Field%20Intelligence%20-%20Daniel%20Asher%20141.jpg),,,,,,הצורך באיסוף מודיעיני ויזינטי בדרום לבנון,,,,,,,,,,,,,,,,,,,,,,,,,,,,,,
7 Armored Reconnaissance Company,"פלס""ר 7",,Palsar 7 Armored Reconnaissance Company,Palsar 7 Armored Reconnaissance Company,,1986,,Armor,North,Armor Reconnaissance,,,,,,,,,,גבוהה,"פתיחת תאי שטח לחטיבת השיריון, איסוף מודיעין, איתור איומים וביצוע משימות מיוחדות- רגליות ורכובות","הכוונת מסק""רים וכוחות, תקיפת יעדים ועוד",,"מטכ""לי",שריון,,"גיוס לשריון, פרופיל וקב""א גבוהים, גיבוש",14 חודשים,,"טירונות חי""ר עם אגוז, אימון מתקדם, הכשרה ביחידה לוחמה בשטחים שונים, ניווט, הסוואה, איסוף מודיעין קרבי, קורס סיור ייעודי ",,,,,,"חי""ר, אמצעי תצפית וסיור","ג'יפים - חמישיות, האמרים","במלחמת לבנון השניה היחידה הכווינה מסק""רים ולא טנקים","פלס""ר 7","פלס""ר 401, 188",,,,,,בינונית,,
Duvdevan 217,דובדבן,,Duvdevan (Unit 217),Duvdevan (Unit 217),,1986,,Regional,Center,CT,,,,,,,,,,,,,,,,,,,,,,,,,,,,,,,,,,,,,36,
Maglan 212,מגלן 212,,Maglan 212,Maglan 212,,1986,,ATM,Center,ATGM,,,,,,,,לקחי מלחמת יום הכיפורים,,מלחמה קונבנציונאלית,"נ""ט",,,,,,בשלב הראשון פליטי צנחנים בפברואר 1968 התחיל גיוס ישיר,,,,,,,,,,,,,,,,,,,,"39, 37",
Meitar 427,מיתר,,Moran  427,Meitar 427,,1987,2017,ATM,North,ATGM,,,,,,,,,,,,,,,,,,,,,,,,,,,,,,,,,,,,,,
Shimshon 367,שמשון,,Shimshon (Unit 367),Shimshon (Unit 367),,1987,1996,Regional,South,CT,,,,,,,,,,,,,,,,,,,,,,,,,,,,,,,,,,,,,36,
Israel Police Special Patrol Unit ,"יס""מ",,Israel Police Special Patrol Unit,Israel Police Special Patrol Unit,,1988,,Police,Valleys,CT,,,,,,,,,,"מנמוכה בט""ש",הפרות סדר על רקע בטחוני או פלילי,,,כלל ארצי,משטרת ישראל,,"בוגרי יחידות קרביות, מבדקים מיונים",,,"קורס שוטרים, קורס לוחמי יס""מ",מקצועי,,,,,"רובי סער M16, אקדחי ""יריחו""‏, אמצעים לפיזור הפגנות‏, סולמות‏, אמצעי פריצה","רכבי וואן מדגמי שברולט ""סוואנה"" שעברו הסבה‏, אופנועים, ג'יפים ממוגני ירי, טרקטורונים",,"יל""ס, יחידות להשלטת סדר, מקבילה לסיירת מג""ב",,,שמעון קורן,,,,,,
Unit 7555,יחידה 7555 נהיגה קרבית,,Unit 7555,,,1988,,ATM,South,Combat Driving,,,,,,,,,,,,,,,,,,,,,,,,,,,,,,,,,,,,,,
LOTAR Eilat Counterterrirism (Res) 7707,"לוט""ר אילת",,LOTAR Eilat Counterterrirism (Res),LOTAR Eilat Counterterrirism (Res),,1989,,Regional,South,CT,,,,,,,,,,,,,,,,,,,,,,,,,,,,,,,,,,,,,,
Gideon Sword Police 33 - Jerusalem District,גדעונים יחידה 33,,Gideon Sword Police - Jerusalem District,Gideon Sword Police - Jerusalem District,,1990,,Police,Jerusalem,,,,,,,,,,,,,,,,,,,,,,,,,,,,,,,,,,,,,,,
Military Police Force 100,כוח 100,,Military Police Force 100,Military Police Force 100,,1990,2006,Military Police,General,,,,,,,,,,,"נמוכה - בט""ש","כוח התערבות מהירה, שיטור בבתי סוהר צבאיים","בזמן שגרה הצוות מסייע במשימות כגון ספירת אסירים, חיפוש בתאים לפי מודיעין - בקרב אסירים בטחוניים מסוכנים (מחבלים).",,לפי מיקום מתקן הכליאה,משטרה צבאית,,"יחידה התנדבותית, מיון, גיבוש",בין 14 ל-18 חודשים,,"טירונות יחידה או אימון הקמה, קורס לוט""ר, מכי""ם, אמצעי אל הרג",,,,,,,,,,,,,,,,,,
Yamas Aravah,"ימ""ס ערבה בעבר עזה מסתערבים ",,Yamas Aravah,Yamas Aravah,,1990,,Police,South,,,,,,,,,,,"נמוכה - בט""ש",צליפה מרדפים מוסקים,סיוע למשטרה מאבק בפשיעה - בתוך ישראל,,דרום,"מג""ב כפיפות לצה""ל",,"גיבוש בן שלושה ימים אחרי שירות בצה""ל",חמישה חודשים ,,,מקצועי קבע,,,,,,,,"השראה: שקד, זיקית, רימון",,,,,,,,36,
Yamas Jerusalem,"ימ""ס ירושלים מסתערבים ",,Yamas Jerusalem,Yamas Jerusalem,,1990,,Police,Jerusalem,,,,,,,,,,,"נמוכה - בט""ש",פעילות מסוערבת,סיוע למשטרה מאבק בפשיעה - בתוך ישראל,,"מזרח ירושלים, מחנות פליטים",,,"גיבוש בן שלושה ימים אחרי שירות בצה""ל",חמישה חודשים ,,,מקצועי קבע,,,,,,,,,,,,,,,,36,
Counter-NBC and purifiers,אנקור,,Counter-NBC and purifiers,Counter-NBC and purifiers,,1991,,Engineering,Center,Reconnaissance,,,,,,,,"במהלך מלחמת המפרץ קבלת נגמ""שי שועלית מגרמניה","החיילים שהפעילו את הנגמ""שים השתחררו ולא נותרו מפעילים בצבא",,"יחידת גו""ז",,,"מטכ""לי",,,,,,,,צוות,"שני חיילים, נגד וקצין, כולם עולים ממדינות חבר העמים",,,,,,,"התמזגה עם יהל""ם ב-2004",,,,,,,,
Nahal Anti-Tank Company ,"פלנ""ט גזית - בהמשך עורב נח""ל",,Nahal Anti-Tank Company,Nahal Anti-Tank Company,,1991,,ATM,Center,ATM,,,,,,,,,,,,,,,,,,,,,,,,,,,,,,,,,,,,,,
Yamas West Bank,"ימ""ס איו""ש מסתערבים ",,,,,1991,,Police,,,,,,,,,,האינתיפאדה הראשונה,,"נמוכה - בט""ש","בט""ש איסוף מודיעין, מעצרים, חיסולים וטיפול בהפרות סדר שונות",סיוע למשטרה מאבק בפשיעה - בתוך ישראל,,גדה מערבית,"מג""ב כפיפות לצה""ל ולשב""כ",,"גיבוש בן שלושה ימים אחרי שירות בצה""ל",חמישה חודשים,,,מקצועי קבע,,,,,,,,"ימ""מ",,,אלי אברהם,,,,,36,
Nahal Engineer Company,"פלחה""ן ספיר נח""ל",,Nahal Engineer Company,Nahal Engineer Company,,1992,,Infantry,Center,,,,,,,,,,,,,,,,,,,,,,,,,,,,,,,,,,,,,,,
Palsar 500 ,"פלס""ר 500 בהמשך פלס""ר 401",,Palsar 500,Palsar 500,,1992,2003,Armor,Center,Armor Reconnaissance,,,,,,,,"עומס הפעילות על פלס""ר 7",,,"תיחת תאי שטח לחטיבת השיריון, איסוף מודיעין, איתור איומים וביצוע משימות מיוחדות- רגליות ורכובות","בט""ש",,,שריון,,"גיוס לשריון, פרופיל וקב""א גבוהים, גיבוש",14 חודשים,,"טירונות חי""ר עם הנח""ל, אימון מתקדם, הכשרה ביחידה לוחמה בשטחים שונים, ניווט, הסוואה, איסוף מודיעין קרבי, קורס סיור ייעודי ",,,,,,"חי""ר, אמצעי תצפית וסיור","ג'יפים - חמישיות, האמרים","האינתיפאדה השניה, מלחמת לבנון השניה","פלס""ר 401, פלס""ר 7","פלס""ר 188",,,,,,,,
 Nitzan Target Field Intelligence Unit ,"יחידת מודיעין מטרות יחמ""מ",,Nitzan Target Field Intelligence Unit,Nitzan Target Field Intelligence Unit,,1993,2000,Field Intelligence,North,Intelligence Field,"Asher, Daniel (2013): Battlefield Intelligence. The Observer before the Camp. Combat Intelligence Collection Corps.",,,,,,,מתן מודיעין בזמן-אמת לכוחות הפועלים והכוונת אש לעבר אויב בדרום לבנון,טמיעה בגדוד שחף 869 באוגדת הגליל,,"ביצוע משימות מודיעין קרבי מיוחדות הכוללות ריגול ואיתור מחבלים, משת""פים ואמצעי לחימה של ארגוני הטרור, בניית בנק מטרות לעת חירום ומלחמה וכמו כן חיסול מטרות תוך הפעלת כוחות אש שונים בשימוש צה""ל.",,מחנה מתת,צפון,איסוף קרבי,,"פרופיל 97 קב""א גבוהה מיונים, ראיונות, גיוס לגדוד 869 מבחנים עיוניים ופיזיים במשך שבועיים בטרום טירונות",,"תכני ניווט, הסוואה, התמחות באמצעים ייעודיים, לוחמת שטח פתוח ובנוי, מסעות עם נשיאת משקלים כבדים (מסעות משקלים), לו""ז (לוחמה זעירה), תצפית, הכוונות, סיור ומודיעין קרבי הטירונות והאימון המתקדם (20 שבועות טירונות ועוד 24 שבועות אימון מתקדם, סך הכל 44 שבועות הכשרה ראשונית) מתקיימים בבית הספר לאיסוף קרבי בבקעת סיירים שבדרום הארץ, אימון יחידה ושלב ב' מתבצעים בבסיס האם של היחידה בגליל העליון",,,,,,,,,,,,,סגן-אלוף יוסי גרינפלד,,,,,,
Combat Engineering Reconnaissance Company 603,"מחס""ר להב 603 ",,Combat Engineering Reconnaissance Company 603,Combat Engineering Reconnaissance Company 603,,1993,,Engineering,North,,,,,,,,,,,גבוהה נמוכה,"סריקת שטח, איסוף מודיעין הנדסי","בט""ש",,,הנדסה,פלס-סייר,"בעבר לוחמים מצטיינים בגדוד, איתור מיוחד בעת גיבוש יהלם",,,"לוחמה, ניווטים, קורס מודיעין וסיור, הסוואה, פריצה , חבלה וקרב מגע, במסגרת האימון המתקדם.",,,,פלוגה,16 לוחמים,"אמצעי תצפית תרמי ""עמית"" ו""עמית-איכון"", וכן ""ערמון"" - משקפת הנדסית עם מד טווח לייזר, אמצעים מסווגים לניתוח קרקע ורמת עבירות. ",האמרים,,,,,,,,,,,
Counter-NBC and  Company,אנקור,,Counter-NBC and  Company,Counter-NBC and  Company,,1993,,Engineering,General,,,,,,,,,לקחי מלחמת המפרץ,,,"יחידת האב""כ הסדירה הראשונה בצה""ל",,,,,,,,,,,,,,,,,,,,,,,,,,,
Combat Engineering Reconnaissance Company 601,"מחס""ר אסף 601 ",,Combat Engineering Reconnaissance Company 601,Combat Engineering Reconnaissance Company 601,,1994,,Engineering,Center,Reconnaissance,,,,,,,,,,גבוהה נמוכה,"סריקת שטח, איסוף מודיעין הנדסי","בט""ש",,,הנדסה,פלס-סייר,"בעבר לוחמים מצטיינים בגדוד, איתור מיוחד בעת גיבוש יהלם",,,"לוחמה, ניווטים, קורס מודיעין וסיור, הסוואה, פריצה , חבלה וקרב מגע, במסגרת האימון המתקדם.",,,,פלוגה,16 לוחמים,"אמצעי תצפית תרמי ""עמית"" ו""עמית-איכון"", וכן ""ערמון"" - משקפת הנדסית עם מד טווח לייזר, אמצעים מסווגים לניתוח קרקע ורמת עבירות. ",האמרים,,סיירת יעל,,,,,,,,,
Combat Engineering Reconnaissance Company 601,,,Combat Engineering Reconnaissance Company 601,Combat Engineering Reconnaissance Company 601,,1994,,Engineering,Center,Reconnaissance,,,,,,,,,,,,,,,,,,,,,,,,,,,,,,,,,,,,,,
Snowy Slope,מדרון מושלג,,Snowy Slope,Snowy Slope,,1994,,Engineering,General,Hacking Unit,,,,,,,,כשלון החילוץ של נחשון וקסמן,,,פריצה חמה וקרה,,,,,,,,,,,,,,,,,,,,,,,,,,,
Egoz 621,יחידת אגוז אנטי גרילה ולוחמה זעירה,,Egoz Reconnaissance Unit,Egoz Reconnaissance Unit,,1995,,Regional,North,Visint,,,,,,,,המאבק עם חיזבאללה בדרום לבנון,,נמוכה,לוחמת אנטי גרילה בתוואי השטח של דרום לבנון,"בלוחמה בגזרת הר חרמון, בט""ש גדה מערבית ועזה",,צפון,"חי""ר גלוני",,,16 חודשים,,"טירונות חי""ר ואימון מתקדם (7 חודשים); שלב מכין (חודשיים); שלב לחימה בסיסי; קורס צניחה (שבועיים); שלב לחימה מתקדם; הכוללים לוחמת שטח בתנאים שונים (אזורים מיוערים, לחימת סלעים, הסוואה ועוד, אימונים בתנאים קיצוניים בחרמון היחידה הוכשרה בבסיס אלייקים בבית ספר לוחמת גרילה שהוקם עבורה, פורק עם היציאה מלבנון והוקם מחדש אחרי מלחמת לבנון השניה",,,,,,,,,"סיירת אגוז, גולני",,, ארז צוקרמן, משה (צ'יקו) תמיר,,,,37,
Yahalom Combat Engineering Unit for Special Operations,"יהל""ם יחידת הנדסה למשימות מיוחדות",,Yahalom Combat Engineering Unit for Special Operations,Yahalom Combat Engineering Unit for Special Operations,,1995,,Engineering,General,COIN,,,,,,,,צורך ביחידת עלית של חיל ההנדסה שמשלבת תחומי התמחות,,גבוהה נמוכה,"ביצוע הריסות מדויקות, חבלה בתשתיות האויב, הכנת מטענים ופצצות, טיפול בחומרי נפץ (כולל פיצוץ מדויק), נטרול מטעני חבלה, הנדסה ופריצה בים וביבשה, פינוי שדות מוקשים, איתור והשמדת סליקים, מעברים תת-קרקעיים ומנהרות הברחה ותופת, וביצוע שאר משימות מיוחדות.",,מחנה סירקין,הנדסה,הנדסה,,"גיוס לחיל הנדסה, טירונות, מעבר גיבוש בן חמישה ימים",16 חודשים,,"טירונות פלס 5,  אימוני חי""ר בסיסי ומתקדם, כולל הכשרות הישרדות, ניווט, קליעה, לוחמה זעירה, קרב מגע, לוחמה בטרור, טיפוס גלישה וחילוץ, לוחמה בשטח בנוי, צניחה ועוד, כמו גם הכשרה מקצועית בתחומי ההנדסה הקרבית. הכשרה פיקודית. חלוקה למגמות.",,,,"חמש פלגות מבצעיות (סיירת יעל, פלגות ס""פ וספי""ר, סמו""ר, מדרון מושלג) וארבע פלגות האמונות על בניין הכוח",,,,,"יחס""פ וסיירת יעל",,,,,,,,,
 Target Field Intelligence Unit 5707,"גדוד נשר 5707 תצ""מ תצפית מטרות",,Battalion for Air Assignments (Shaldag) 5101,Battalion for Air Assignments (Shaldag) 5101,Command of the Special Air Forces,1996,2003,Air force,Palamachim,BDA,,,,,,,,,מיזוג עם שלדג,,הערכת נזק של מתקפות אויר בזמן אמת ,,,"כא""מ - כוחות אויר מיוחדים",אויר,,,,,,,,,,,,,,,,,,,,,,,
"Matilan Border Patrol - intelligence, observation, interception, mobile warfare","מתיל""ן ",,"Matilan Border Patrol - intelligence,observation,interception,mobile warfare","Matilan Border Patrol - intelligence,observation,interception,mobile warfare",,1996,,Police,North,,,,,,,,,,,"נמוכה - בט""ש","מארבים, תצפיות, יירוט ולוחמה ניידת. איסוף מודיעין מבצעי בתחומי פח""ע.",איסוף מודיעין מבצעי בתחום הפלילי,,"רמון, ירושלים שפלה","מג""ב כפיפות לצה""ל ולשב""כ",,"חיילים סדירים, השלמת טירונות, גיבוש בן יום",טירונות רובאי חמש קורס של חמישה שבועות,,"מארבים, תצפיות, יירוט, לוחמה ניידת ",,,,ארבע יחידות תחת שלוש חטיבות מרחביות,,,,,מושווה ליחידת אגוז,,,,,,,,,
Visual Intelligence Battalion 1996,,,Visual Intelligence Battalion 1996,Visual Intelligence Battalion 1996,,1996,,Field Intelligence,,SAM,"Asher, Daniel (2013): Battlefield Intelligence. The Observer before the Camp. Combat Intelligence Collection Corps.",,,,,,,,,,,,,,,,,,,,,,,,,,,,,,,,,,,,,
Stinger Anti Aircraft Unit,ברקן,,Stinger Anti Aircraft Unit,Stinger Anti Aircraft Unit,,1998,2012,,General,SAM,,,,,,,,לקחי מלחמת המפרץ,,,"יחידת האב""כ הסדירה השניה בצה""ל",,,גוש דן,פיקוד העורף,,,,,,,,,,,,,,,,,,,,,,,
,"יג""ל",,,,,2000,,Police,,,,,,,,,,,,,,,,,,,,,,,,,,,,,,,,,,,,,,,,
,"פלגת יחמ""ם א' ""פלגת האינדיאנים""",,,,,2000,,Field Intelligence,,,,,,,,,,,,,ויזינט - מודיעין קרבי,,,,איסוף קרבי,,,,,"פעילות מתוך מוצבים, פעילויות רגליות בשטח",,,,,,,,,גדוד שחף,,,,,,,,,
Almagor,,,Almagor,Almagor,,2000,,Field Intelligence,North,Visint,"Asher, Daniel (2013): Battlefield Intelligence. The Observer before the Camp. Combat Intelligence Collection Corps.",,,,,,,,,,,,,,,,,,,,,,,,,,,,,,,,,,,,,
The Nesher Eagle 414 ,פלוגה ייעודית גדוד נשר 414 הנודדת,,The Nesher (Eagle) 414,The Nesher (Eagle) 414,,2000,,Field Intelligence,South,Visint,"Asher, Daniel (2013): Battlefield Intelligence. The Observer before the Camp. Combat Intelligence Collection Corps.",,,,,,,,,,ויזינט - מודיעין קרבי,,,רצועת עזה גבול מצרים,איסוף קרבי,,,,,,,,,,,,,,,,,,,,,,,
The Netz Accipiter 636 ,פלוגת נץ 636 ,,The Nitzan 636,The Nitzan 636,,2000,,Field Intelligence,Center,Visint,"Asher, Daniel (2013): Battlefield Intelligence. The Observer before the Camp. Combat Intelligence Collection Corps.",,,,,,,,,,ויזינט - מודיעין קרבי,,,גדה מערבית,איסוף קרבי,,,,,,,,,,,,,,,,,,,,,,,
The Shahaf Seagull Battalion,"שחף - פלגת יחמ""ם ב' ""פלגת מוביל"" מדלגת 869 שחף",,The Shahaf (Seagull) Battalion,The Shahaf (Seagull) Battalion,,2000,,Field Intelligence,North,Visint,"Asher, Daniel (2013): Battlefield Intelligence. The Observer before the Camp. Combat Intelligence Collection Corps.",,,,,,,"הפיכת צס""מ ליחידה סדירה",מיזוג עם שחף,,"ויזינט - מודיעין קרבי סגירת מעגלי אש, איתור מחבלים, משגרי קטיושות, מטרות תשתית וסיוע למערכות הגנה על גדודים שפועלים בשטח","איתור חדירות, איסוף מידע על היערכות חיזבאללה",,"צפון אוגדה 91 גבול סוריה, בעיקר לבנון",איסוף קרבי,,,,,,,,,,,,,,ניצן,,,,,,,,,
,גבעול (מילואים),,,,,2001,,Engineering,,,,,,,,,,,,,,,,,,,,,,,,,,,,,,,,,,,,,,,,
Counter-NBC and purifiers (Res),,,Counter-NBC and purifiers (Res),Counter-NBC and purifiers (Res),,2001,,Engineering,General,CBRN,,,,,,,,,,,,,,,,,,,,,,,,,,,,,,,,,,,,,,
Golani Reconnaissance Battalion (Gadsar),"גדס""ר גולני",,"Golani Engineering company,Reconnaisance Platoon Golani,Golani Anti-Tank Company 1977",,,2001,,Infantry,North,Reconnaissance,,,,,,,,פיקוד ושליטה משופרים החל מהפיקוד בזמן לחימה ועד להדרכה וללוגיסטיקה,,,,"אגרוף לחימה איכותי נגד הטרור, תוך שילוב אמצעים שאינם קיימים בגדודי החי""ר הרגילים",,,,,,,,,,,,,,,,,,,,,,,,,,
Senior General Staff Security Unit,"צה""ל אבטחת אישים",,Senior General Staff Security Unit,Senior General Staff Security Unit,,2001,,,General,,,,,,,,,,,,,,,,,,,,,,,,,,,,,,,,,,,,,,,
Givati Reconnaissance Battalion (Gadsar),"גדס""ר גבעתי גדוד שועלי שמשון",,Givati Reconnaissance Battalion (Gadsar),Givati Reconnaissance Battalion (Gadsar),,2002,,Infantry,South,Reconnaissance Battalion,,,,,,,,פיקוד ושליטה משופרים החל מהפיקוד בזמן לחימה ועד להדרכה וללוגיסטיקה,,,,"אגרוף לחימה איכותי נגד הטרור, תוך שילוב אמצעים שאינם קיימים בגדודי החי""ר הרגילים",,,,,,,,,,,,,,,,,,,,,"ון אשרוב, עופר וינטר, גיא ביטון, גור שרייבמן, חזי נחמה, אליעד מאור (מואטי)",,,,,
Nahal Reconnaissance Battalion (Gadsar),"גדס""ר נח""ל",,Nahal Reconnaissance Battalion (Gadsar),Nahal Reconnaissance Battalion (Gadsar),,2002,,Infantry,Center,Reconnaissance Battalion,,,,,,,,פיקוד ושליטה משופרים החל מהפיקוד בזמן לחימה ועד להדרכה וללוגיסטיקה,,,,"אגרוף לחימה איכותי נגד הטרור, תוך שילוב אמצעים שאינם קיימים בגדודי החי""ר הרגילים",,,,,,,,,,,,,,,,,,,,,,,,,,
Paratroopers Reconnaissance Battalion 5135,"גדס""ר צנחנים 5135 גדוד שרף",,Paratroopers Reconnaissance Battalion (Gadsar),Paratroopers Reconnaissance Battalion (Gadsar),,2002,,Infantry,Center,Reconnaissance Battalion,,,,,29.11,,,פיקוד ושליטה משופרים החל מהפיקוד בזמן לחימה ועד להדרכה וללוגיסטיקה,,,"להוביל את חטיבות החי""ר במוכנות ללחימה הקונבנציונאלית ובלחימה היום יומית בשטחי איו""ש ואזח""ע.","אגרוף לחימה איכותי נגד הטרור, תוך שילוב אמצעים שאינם קיימים בגדודי החי""ר הרגילים",,,"חי""ר",,,12 חודשים ,,,,,,,,,,,חטיבת הצנחנים,,,,,,,,,
Masada Prison Service,מצדה,,Masada Prison Service,Masada Prison Service,,2003,,Prison Service,,Intervention force,,,,,,,,האינתיפאדה השנייה,,"נמוכה - בט""ש",השתלטות על  התפרעויות ומהומות בבתי הכלא,"פעילות מסוערבת סיוע לימ""ס",,כלל ארצי,"שב""ס",,"בוגרי יחידות קרביות, מבדקים מיונים",,,,מקצועי קבע,,,,," רובי ציד מדגם Remington 870, תמ""ק עוזי, מטולי רימונים מדגם 'רינגו' המשמשים לירי רימוני גז, שלל אמצעי ראיית לילה וצייני לייזר.",,,,,,,,,,,,
Samoor platoon,"סמו""ר סליקים ומנהרות",,Samoor platoon,Samoor platoon,,2003,,Engineering,South,Caches and tunnels,,,,,,,,הופעת המנהרות באיזור רצועת עזה ,,נמוכה,"איתור מנהרות, הריסתן, איתור סליקים, לוחמה בתווך תת קרקעי","בט""ש",,"עזה, ציר פילדלפי",הנדסה,,,,,הפעלת רובוטים,,,,,,,,,צוות המנהרות שפעל באיזור עזה משנת 2002,"התמזגה עם יהל""ם ב-2004",,אביב חקאני ,"דימה שוורץ, ניר דרוקר",,מידת היוקרה של צוות המנהרות הראשון הייתה נמוכה ביותר והחיילם,,,
,ינשוף גדוד 76,,,,,2005,,Engineering,,,,,,,,,,פיגועי ה-11 בספטמבר,,,"לוחמה בטרור בלתי קונבנציונלי, אב""כ, מענה למגה פיגוע","בט""ש",,,הנדסה,,,7 חודשים,,"טירונות הנדסה בת ארבעה חודשים, אימון מתקדם בן שלושה חודשים",,,,,,,,,"אנקור, ברקן, גבעול",,,,"מרט מעיין, טל הפטמן, אופיר בן דוד",,,,,
Counter-NBC and purifiers Battalion,,,Counter-NBC and purifiers Battalion,Counter-NBC and purifiers Battalion,,2005,,Engineering,South,CBRN,,,,,,,,,,,,,,,,,,,,,,,,,,,,,,,,,,,,,,
Israeli Police Border Reconnaisance - South,סיירת מגב דרום,,Israeli Police Border Reconnaisance - South,Israeli Police Border Reconnaisance - South,,2008,,Police,South,COIN,,,,,,,,,,,,,,,,,,,,,,,,,,,,,,,,,,,,,,
Rimon 845,סיירת רימון החדשה,,Granade Rimon,"""The 89th """"Oz"""" Brigade""",,2010,2015,Regional,South,COIN,,,,,,,,"מבצע עופרת יצוקה,  התערערות היציבות בגבול עם סיני",,נמוכה,"לחימה ברצועת עזה, ובחדירות המחבלים מחצי האי סיני בעומק הנגב, התמחות בלוחמה במדבר.","מיועדת לטפל באירועי פח""ע בגזרה הדרומית",,דרום,"חי""ר",,"פיקוד מבוסס על קצינים מיחידות עלית. גיוס צוות סדיר ראשון ישירות ליחידה, גיבוש לגדס""ר גבעתי, נופלי טיס",,,"טירונות, לש""ב, ניווטים במדבר ובמרחבים אורבניים, לוט""ר, סיור, עם גדס""ר גבעתי, הכשרת לוט""ר ארוכה במיוחד, יירוט פח""ע, ומגוון הכשרות הקשורות להישרדות במדבר – ניווטי מדבר, ניווטי כוכבים, תנועה בשטח מדברי, עקבות, בעלי חיים, איך מוצאים מחסה ומזון.",,,,,,,,,חטיבת גבעתי,,,"רס""ן בני, איש 669 ופלחה""ן גבעתי",,,היחידה פעלה לטפח תרבות ייחודית מיום הקמתה. זיקה ליחידת רימון המקורית אך שמירה על מרחק מזיהוי עמה.,,,
Unit Yanmam Airborne Anti Aircraft Unit,"ינמ""מ ",,Maglan 212,,,2012,,Infantry,General,SAM,,,,,,,,,,,"הפעלת אמצעי נ""מ ניידים מעבר לקווי אויב לשם הגנה אווירית בזמן מינימלי ליחידות עומק",,,,מערך ההגנה האווירית תחת כנף 168,,כמו מגלן,,,"טירונות בבסיס האימונים החטיבתי של צנחנים, הכשרת מגלן, קורס מ""כים ייעודי, בחלקו האחרון של המסלול תכנים ייעודים על פי תחומי העיסוק של הצוות",,,,,,,,,עוצבת האש,,,,,,,,,
"The 89th ""Oz"" Brigade",,,"Rimon 845,Maglan 212,Egoz Reconnaissance Unit,Duvdevan (Unit 217)",,,2015,,Infantry,,Commando,,,,,,,,,,,,,,,,,,,,,,,,,,,,,,,,,,,,,,
Sayeret Charuv 93,סיירת חרוב ,,Sayeret Haruv 484,,,2017,,Regional,,,,,,,,,,,,,,,,,,,,,,,,,,,,,,,,,,,,,,,,
,,,,,,,,,,,,,,,,,,,,,,,,,,,,,,,,,,,,,,,,,,,,,,,,