ID,Name copy,Notes,Status,Year Established,Year Disbanded ,Individuals,References,Predecessor,Successor,Affiliation,Location,Branch,Command,Rrole,Bibliography Attachment,Bibliography,Audio-video,תאריך הקמה,מאפיינים מבצעיים,מאפיינים ארגוניים,נסיבות הקמה,נסיבות פירוק,ייעוד עיקרי,ייעוד משני,פיקוד,זרוע,יחידת אם - לניתוח רשתות,יחידות ממשיכות - לניתוח רשתות,יחידות מתחרות,מייסד היחידה עבור ניתוח רשתות ובדיקת השערת הכרימזה,מפקדים בולטים עבור ניתוח רשתות ובדיקת השערת הכרימזה,מקור השראה,טיפוח תדמית תרבות ארגונית,מידת יוקרה תרבות ארגונית,INDIVIDUALS copy,Field 37
Haganah,Haganah,ההגנה,Conventional,1920,1948,,,,IDF,,,Haganah,,,,,,15 ביוני,,,"בתחילת חודש מרס הותקפה תל-חי ושישה ממגיניה נהרגו, ובראשם המפקד יוסף טרומפלדור. לאחר כמה שבועות פרצו מהומות דמים בירושלים (""מאורעות תר""ף - 1920"")",הקמת המדינה,הגנה על היישוב היהודי,בניין כוח צבאי,,אחדות העבודה,השומר,"צה""ל",,"חיים שטורמן, ירחמיאל לוקצ'ר ויהושע אייזיק",,הפעולות של גרמניה במזרח אפריקה בשנות העשרים ובעיקר מאלה של פאול פון לטו-פורבק,,,,
Nodedet,Nodedet,הנודדת,Conventional,1929,1933,Yitzhak Sadeh - Wikipedia,,,Nodedet,Haganah,,Haganah,Jerusalem,Preventive,,,,,הגנה דינאמית,מיליציה,"מאורעות תרפ""ט",,הגנה מקומית,,תל-אביב,ההגנה,,,,אלימלך זליקוביץ (כינוי: זליק או אבנר),אלימלך זליקוביץ ,,,,,
Nodedet ,Nodedet ,הנודדת,Elite,1936,1939,,,Nodedet,Nodedet in Jerusalem,Haganah,,Haganah,Tel Aviv,Preventive,,,,17 באפריל,הגנה דינאמית,מיליציה,המרד הערבי,,הגנה מקומית,,תל-אביב,ההגנה,,,,,,,,,,
Nodedet in Jerusalem,Nodedet in Jerusalem,הנודדת בירושלים,Elite,1936,1939,"Yitzhak Sadeh,Yitzhak Sadeh - Wikipedia",,Nodedet,Mobile Guard,Haganah,,Haganah,Jerusalem,Preventive,,,,,הגנה דינאמית,מיליציה,המרד הערבי,מעבר לפלוגות השדה,הגנה דינאמית ,,ירושלים,ההגנה,הנודדת,,,יצחק שדה,"צבי ספקטור, ישראל בן יהודה (עבדו)",,,,Yitzhak Sadeh,
Filed Companies,Filed Companies,פלוגות השדה,Elite,1937,1939,"Yitzhak Sadeh,Yigal Allon,Moshe Dayan,Yitzhak Sadeh - Wikipedia",,Mobile Guard,Filed Companies,Haganah,,Haganah,North,Preventive,,,,,הגנה דינאמית,מיליציה,המרד הערבי,"מעבר למשמר הנע, צביון פוליטי, מאבקי כוח עם ההגנה",הגנה דינאמית על צינור חברת הנפט העיראקית ,תפישת עולמו הציונית של וינגייט הביאה אותו לגלות דאגה רבה גם לגורל הישובים היהודיים שהותקפו,,"חיל הנוטרים, משטרת היישובים העבריים",הנודדת,,,יצחק שדה,"יגאל אלון, משה דיין",,,גבוהה,"Yigal Allon, Yitzhak Sadeh, Moshe Dayan",
Guards of the Trains and the Ports,Guards of the Trains and the Ports,"נוטרי מסילות הברזל, שדות התעופה והנמלים",Conventional,1937,1939,,,Guards of the Trains and the Ports,Guards of the Trains and the Ports,,,Haganah,North,Preventive,,,,,הגנה דינאמית,מיליציה,המרד הערבי,,שמירה על מסילות הברזל בשיתוף עם הצבא הבריטי במקרה שהמרד הערבי יתחדש. בעיקר מסילת הברזל בין חיפה ללוד,,,"הצבא הבריטי, ההגנה",,,,,,,,,,
Mobile Guard,Mobile Guard,המשמרות הנעים פלוגה נודדת ופלוגה מעופפת,Elite,1937,1939,Yitzhak Sadeh,,Nodedet in Jerusalem,Filed Companies,Haganah,,Haganah,North,Preventive,,,,,הגנה דינאמית,מיליציה,המרד הערבי,,הגנה על יישובים חקלאיים בעמק ובגליל,,,,,,,,,,,,Yitzhak Sadeh,
Pipeline Defenders Platoon,Pipeline Defenders Platoon,מחלקת משמר צינור הנפט פלוגת האש,Conventional,1938,1939,,,Pipeline Defenders Platoon,Special Night Squad,British Army,,Haganah,North,Preventive,,,,יוני,הגנה דינאמית,מיליציה,,,,,,,,,,,,,,,,
Special Night Squad,Special Night Squad,פלוגות הלילה המיוחדות,Elite,1938,1938,Orde Charles Wingate,,Pipeline Defenders Platoon,Palmach,Haganah,,Haganah,North,Preventive,,,,13 ביולי,הגנה דינאמית,מיליציה,המרד הערבי,האגרסיביות של וינגייט,הגנה דינאמית ,הקמת צבא יהודי,איזור הצפון,הצבא הבריטי משטרת הישובים העבריים,מחלקת משמר צינור הנפט פלוגת האש ,,,אורד צ'רלס וינגייט,,לורנס איש ערב מהוגי רעיון הפעולות המיוחדות במסגרת המרד הערבי נגד האימפריה העות'מאנית,,,Orde Charles Wingate,
Special Operations Unit,Special Operations Unit,"יחידה מיוחדת לפעולות מיוחדות פו""ם ",Elite,1939,1941,"Yitzhak Sadeh,Yitzhak Sadeh - Wikipedia",,Filed Companies,Palmach,Haganah,,Haganah,Center,Clandestine,,,,5 ביוני,הגנה דינאמית,מיליציה,פרסום הספר הלבן,פרוץ מלחמת העולם השניה,מאבק בבריטים,,פרישה ארצית,ההגנה - אם כי זרוע חשאית ועצמאית,פלוגות השדה,,,יצחק שדה,"מוניה מרדור, חיים לסקוב, אברהם נגב",,,,Yitzhak Sadeh,
Commando 51,Commando 51,יחידת הקומנדו 51 קומנדו המזרח התיכון 51 גדוד המוות,Elite,1940,1941,"Karl Kahana,Israel Carmi",,,Special Interrogation Group – SIG,British Army,,British Army,North Africa,Commando,"commando 51.jpg (https://dl.airtable.com/7GMPU2pqRV2cHffjivod_commando%2051.jpg),Warrior's path.jpg (https://dl.airtable.com/dtBUFl48RimxlVJjmgDI_Warrior's%20path.jpg)",https://www.wikiwand.com/he/%D7%99%D7%97%D7%99%D7%93%D7%AA_%D7%94%D7%A7%D7%95%D7%9E%D7%A0%D7%93%D7%95_51,,,קומנדו,מקצועי,מלחמת העולם השניה,שינוי מדיניות הצבא הבריטי ביחס לחיילי קומנדו שאינם בריטיים,פעולות קומנדו בהתאם לדוקטרינה של הצבא הבריטי,,צפון אפריקה,הצבא הבריטי,"אצ""ל, חיל החפרים, יחידות אחרות של יהודים וערבים בצבא הבריטי","היחידה הגרמנית, צנחנים",,לויטננט קולונל הנרי קייטר,"קארל כהנא, דב כהן",,,,"Karl Kahana, Israel Carmi",
The Syrian Platoon,The Syrian Platoon,המחלקה הסורית ,Elite,1940,1943,Yigal Allon,,Filed Companies,The Arab Squad,Palmach,,Palmach,North,Deep Reconnaissance,,,,,מודיעין/לוחמה זעירה,מיליציה,מלחמת העולם השניה הצבא הבריטי היה מעוניין בחוליות שיפעלו בעורף נאויב במקרה של כיבוש גרמני במתכונת ה-SOE ,"מאבק בין הפלמ""ח והצבא הבריטי על השילטה ביחידה ",פעולות מסוערבות במדינות ערב בשירות הצבא הבריטי במתכונת ה-SOE,פעולות מסוערבות בפלשתינה בשירות ההגנה,,הסוכנות היהודית ומנהלת המבצעים המיוחדים (Special Operations Executive; SOE),"פלמ""ח",מסתערבים,,"טוביה ארזי, יגאל אלון, ירוחם כהן","שמעון סומך, חיימקה לבקוב",תאודור וון היפל - צבא גרמניה,גבוהה,,Yigal Allon,
Boom Defense,Boom Defense,יחידת הגנת הנמל - Boom Defense,Conventional,1941,,,,Boom Defense,Boom Defense,,,Haganah,,,,,,,הגנה דינאמית,מיליציה,מלחמת העולם השניה,,"הגנת הנמל מצוללות, סירות נפץ ואנשי קומנדו ימי איטלקים",הברחת נשק עבור ההגנה,,"הצבא הבריטי, ההגנה","הגנה, צבא בריטי",,,דוד הכהן,"מוריס אריה, לובה אליאב",,,,,
Palmach,Palmach,"פלמ""ח",Conventional,1941,1948,"Yitzhak Sadeh,Yitzhak Sadeh - Wikipedia",,Filed Companies,IDF,Haganah,,Palmach,,,,,,15 במאי,,מיליציה,מלחמת העולם השניה,"הקמת צה""ל",הגנה על היישוב נוכח התקדמות הצבא הגרמני לפלשתינה,בסיס לצבא,,"הצבא הבריטי, ההגנה","הגנה, נודדת, פו""ש","צה""ל",הבריגדה היהודית,יצחק שדה,"יגאל אלון, משה דיין",,גבוהה רוח היחידה כמכשיר גיוס היחידות המיוחדות כמשיר מגייס,גבוהה,Yitzhak Sadeh,
Scouts,Scouts,הסיירים,Elite,1941,1942,,,,The 7th Company,Palmach,,Palmach,,Reconnaissance,,,,,סיור,מיליציה,,,"סיור בנתיבים המובילים לשטח האויב, ציוד המפקד בידע מכסימאלי לגבי מה שעתיד לעמוד לפניו: לדווח לו מהם פני השטח, מהי עוצמת הכוחות שעומדים מולו ומהו מרחב התמרון של חייליו במהלכם בשטח.",,,מודיעין שדה,,,,,,,,,,
The German Platoon,The German Platoon,המחלקה הגרמנית,Elite,1941,1947,,,,The Balkan Platoon,Palmach,,Palmach,North,Clandestine,,,,,מודיעין/לוחמה זעירה,מיליציה,מלחמת העולם השניה,צירוף לבריגדה היהודית,פעילות מודיעין וחבלה בשטחים כבושים על-ידי גרמניה וביחידות גרמניות בשירות הצבא הבריטי,"סיוע להעפלה, פעולות נקם בגרמנים",,"ההגנה, ה-SOE","הגנה, הצבא בריטי",,,שמעון אבידן (קוך),"יהודה בן-חורין (בריגר), אהרון יריב (רבינוביץ'), אברי אלעד","קשה לקבוע, אנשיו של סקורנצי פעלו באופן דומה",,,,
Special Interrogation Group – SIG,Special Interrogation Group – SIG,היחידה הגרמנית יוצאי גדוד 51 Special Interrogation Group – SIG,Elite,1942,1942,,,Commando 51,SAS,British Army,,British Army,North Africa,Commando,,https://www.wikiwand.com/he/%D7%A7%D7%91%D7%95%D7%A6%D7%AA_%D7%94%D7%97%D7%A7%D7%99%D7%A8%D7%95%D7%AA_%D7%94%D7%9E%D7%99%D7%95%D7%97%D7%93%D7%AA,,מרץ,קומנדו,מקצועי,מלחמת העולם השניה,,פעולות קומנדו מאחורי הקויים הגרמנים,,צפון אפריקה,הצבא הבריטי,גדוד 51,,,"קפטן בק, לוטאנאט ראסל","קארל כהנא, איתן שפיר, ישראל כרמי",,,,,
The Arab Squad,The Arab Squad,"הכיתה הערבית של הפלמ""ח",Elite,1942,1948,,,The Syrian Platoon,Masqueraders,Palmach,,Palmach,Haifa,HUMINT,,,,,מודיעין/לוחמה זעירה,מיליציה,,צירוף לפלוגת השחר,,,,"פלמ""ח","פלמ""ח",פלוגת שחר,,יצחק חנקין,"יעקובה כהן, יוסף בן סעדיה, סעדיה סעיד, יוסף גיאת, דוד קומם (קיפניס), גיורא זייד, יוסקה יפת (כל הארץ), יהודה פרנקו",,גבוהה,,,
Masqueraders,Masqueraders,"היחידה הערבית של הפלמ""ח מסתערבים מחלקת השחר",Elite,1943,1948,,,The Arab Squad,"Intelligence 13 Wing,Intelligence Service 18 805",Palmach,,Palmach,Haifa,Deep Reconnaissance,,,,אביב,מודיעין/לוחמה זעירה,מיליציה,"גיבוש הפלמ""ח ככוח הצבאי הפורמאלי של היישוב, מיזוג הכיתה הערבית והמחלקה הסורית","סכסוך בין ראש אמ""ן בנימין גבלי ולוחמיה","איסוף מודיעין בקרב ערביי א""י ומדינות ערב בלא להסתמך על מקורות יומינטיים ערביים","הפעלת כוח מיוחד שיכול הן לאסוף מודיעין (לימים סיירת מטכ""ל) והן לבצע פעולות חבלה בעורף האויב",,"פלמ""ח",המחלקה הסורית,"היחידה המבצעית של אמ""ן (יחידה 188 לשעבר 131)  קיסריה, סיירת מטכ""ל, 504, המסתערבים",לא תחרות אך הסתייגות והעדר תמיכה מצד אנשי המחלקה המדינית של הסוכנות,ירוחם כהן,"שמעון סומך, יעקב נמרודי, יעקב-זק צביה, אהרון ספקטור, רחביה ברמן",,גבוהה,,,
The Balkan Platoon,The Balkan Platoon,המחלקה הבלקנית,Elite,1943,1945,,,,The Balkan Platoon,"Palmach,British Army",,Palmach,,Sabotage,,,,,מודיעין/לוחמה זעירה,מיליציה,מלחמת העולם השניה,,"עבור הפלמ""ח הצנחת עולים ואנשי הגנה ברומניה, בולגריה, סלובקיה, יוגוסלביה והונגריה במטרה ליצור קשר עם מתחרות יהודיות ולקחת חלק במבצעי מודיעין, הצלה וגרילה נגד הנאצים",עבור הצבא הבריטי - הברחת טייסים בריטים ואמריקאיים ממחנות שבויים לאיסטנבול,"ההגנה, הצבא הבריטי",,"פלמ""ח",צנחני היישוב,,שמואל גבעון (הקר),,,,,,
Jewish Paratroops,Jewish Paratroops,צנחני הישוב,Elite,1944,1944,,,"The German Platoon,The Balkan Platoon",,"Palmach,British Army",,British Army,Europe,Commando,,,,,מודיעין/לוחמה זעירה,שילוב,מלחמת העולם השניה,,החדרת סוכנים של ההגנה לשטחי כיבוש נאצים,,דרום מזרח אירופה,"הצבא הבריטי, ההגנה","פלמ""ח, הבריגדה היהודית",,,דן לנר,"חנה סנש, חביבה רייק, חיים אנצו סירני, חיים יערי ולנדר",,,,,
Reconnaissance Company 7,Reconnaissance Company 7,יחידת סיירים פלוגה ז,Elite,1944,,,,Scouts,The 4th Battalion,Palmach,,Palmach,,,,,,,סיור,מיליציה,"הקמת יחידות הפלמ""ח",נפילת רבים מחברי המחלקה בקרבות נבי סמואל,סיור בעומק שטחים ערביים ,פעילות נגד מטרות בריטיות,"מטה הפלמ""ח",,"פלמ""ח בוגרי קורס הסיור",,,יוחנן זריז,"דוד גורפינקל, יוסקה יהלום, אריה שחר (שורצמן), יהודה שליין, משה ברקוביץ, אפרים בלוך, שלמה שילוח",,,,,
The 4th Battalion,The 4th Battalion,הגדוד הרביעי גדוד המטה,Elite,1944,1948,,,,The 4th Battalion,Palmach,,Palmach,Center,Reconnaissance,,,,,,מיליציה,,,,,,,,,,,,,,,,
The 7th Company,The 7th Company,"פלוגה ז של הפלמ""ח",,1944,1948,,,Scouts,The 7th Company,Palmach,,Palmach,North,Intelligence,,,,ינואר,סיור,מיליציה,"נועדה לרכז את כול היחידות המיוחדות הערבית, הגרמנית, הבלקנית, הטייסים, והימית.",לטפח את מקצוע הסיירות,,,,,"פלמ""ח",,,"שמעון אבידן (קוך), חיים זינגר (רון)",,,,,,
Palyam Sea Company,Palyam Sea Company,"פלי""מ - החוליה לחבלה ימית",,1945,1948,,,Palyam Sea Company,Flotilla 13,,,Palyam,Navy,Naval,,,,1 בנובמבר,לוחמה זעירה,מיליציה,המגבלות של הבריטים על העליה,"פירוק הפלמ""ח",סיוע למעפילים,פעילות חבלה נגד מטרות ערביות במהלך מלחמת השחרור,,"מפ""ם, אחדות העבודה, הגדוד הרביעי של הפלמ""ח","פלמ""ח הגדוד הרביעי","השירות הימי, שייטת 13",,יוחאי בן-נון,,,"גבוהה, בני מרשק, חיים חפר, דן בן אמוץ",,,
Negev Animals 1 Shiloni,Negev Animals 1 Shiloni,חיות הנגב מחלקת שילוני,,1947,1948,,,Negev Animals 1 Shiloni,Negev Animals 1 Shiloni,,,Palmach,South,,,,,20 בדצמבר,סיור/לוחמה זעירה,מיליציה,תכנית החלוקה,,הגנה על קווי המים ועל הדרכים שבין היישובים,,דרום משמר הנגב,"הגדוד השני פלמ""ח","פלמ""ח, מ""ן","פלוגת הסיור, גדוד 9, חטיבת הנגב",,שמחה שילוני,דודק'ה מגן ,,"כינו את עצמם ""חיות הנגב"" והחליטו שהגמל יהיה סמלם",,,
Negev Animals 2 Beeri,Negev Animals 2 Beeri,חיות הנגב מחלקת בארי,,1947,1948,,,Negev Animals 2 Beeri,Negev Animals 2 Beeri,,,Palmach,South,,,,,,סיור/לוחמה זעירה,מיליציה,תכנית החלוקה,,אבטחת קוו המים המערבי,,דרום גזרה מערבית,"הגדוד השני פלמ""ח","פלמ""ח","פלוגת הסיור, גדוד 9, חטיבת הנגב",,,,,עכברי המדבר,,,
Port Company,Port Company,פלוגת הנמל,,1947,1948,,,,,,,Palyam,Navy,Defensive,,,,,הגנה דינאמית,מיליציה,הטבח בבתי הזיקוק,,הגנה על פועלי נמל חיפה היהודים,"רכש עבור חיל הים העתידי, לחימה בקרבות לשחרור חיפה",,"פלי""ם, הגדוד הרביעי של הפלמ""ח","פלי""ם","שייטת 13, מדור בקרת נזקים, 707",,,אדמונד וילהלם ברילנט,,,,,
17 Armored Reconnaissance Gunda,17 Armored Reconnaissance Gunda,"פלס""ר 7",,1948,1953,,,Golani 19 Battalion,9 Armored Brigade,,,Armor,North,Armor Reconnaissance,,,,,,,,קרב החרמונית מלחמת יום כיפור,"פתיחת הציר לפני החטיבה, איתור ונטרול מארבים וכוחות אויב",איסוף מודיעין קרבי,,שריון,חטיבה 7,"פלס""ר 7, 401, 188",,,,,,בינונית,,
Barak Battalion 12 Golani Brigade Commando Company,Barak Battalion 12 Golani Brigade Commando Company,גולני גדוד ברק 12,Elite,1948,1948,Rafi Kotzer,Tree and Dagger – Battle Path of the Golani BrigadeMa'arakhot Publishing,Barak Battalion 12 Golani,,,,Infantry,North,Commando,,,,פברואר,,,מלחמת השחרור,,,,צפון מזרח,,"פלוגות חי""ש, פל""מים ונוטרים מבקעת כנרות, עמק הירדן והגליל התחתון מחלקת הקומנדו",,,,"יצחק ברושי, רפי קוצר",,,,Rafi Kotzer,
Battalion 19 Golani Brigade Raiders Platoon,Battalion 19 Golani Brigade Raiders Platoon,גולני גדוד 19,Elite,1948,1949,Meir Amit,Tree and Dagger – Battle Path of the Golani BrigadeMa'arakhot Publishing,Barak Battalion 12 Golani,,,,Infantry,North,Reconnaissance,,,,פברואר,,,מלחמת השחרור,,,,צפון מזרח,,"פלוגות חי""ש, פל""מים ונוטרים מבקעת כנרות, עמק הירדן והגליל התחתון מחלקת הקומנדו",,,,"יצחק ברושי, רפי קוצר",,,,Meir Amit,
Bomb Disposal Unit 1948,Bomb Disposal Unit 1948,"יחס""פ",,1948,1995,,,Bomb Disposal Unit 1948,Bomb Disposal Unit 1948,,,Engineering,General,Bomb disposal,,,,,,,מלחמת השחרור,,,,,,סלקי פצצות יהודים בצבא הבריטי,"סיירת יעל, יהלם, מחס""רים",,"עמנואל שחר, רודי (ראובן) שפלן",מרדכי מרון,,,,,
Commando Battalion 75 French Commando,Commando Battalion 75 French Commando,הקומנדו הצרפתי גדוד 75,,1948,1948,Thadée Diffre,,Commando Battalion 75 French Commando,Commando Battalion 75 French Commando,,,Palmach,South,Commando,,,,אוגוסט,,,מלחמת השחרור,נטמע בגדוד הפשיטה התשיעי,,"אחרי המלחמה אבטחת גבולות מרחב הנגב; מארבים, מיקוש צירי תנועה",,"פלמ""ח - גדוד פשיטה 9",,התמזגה בגדוד 9,,טדי דיופרה (איתן),"יעקב דומבורובסקי, הרב פימה מימון",,,,Thadée Diffre,
Commando Battalion 89,Commando Battalion 89,גדוד קומנדו 89,,1948,,Moshe Dayan,,Commando Battalion 89,Commando Battalion 89,,,Palmach,Center,Raid,,,,27 במאי,,,מלחמת השחרור,"פירוק הפלמ""ח",גדוד פשיטה ממוכן,,,"פלמ""ח צה""ל חטיבה 8","חטיבה 8 של הפלמ""ח",,,משה דיין,"יוחנן פלץ, טדי דיופרה (איתן)",,,,Moshe Dayan,
Divers,Divers,הצוללים,,1948,1948,,,Divers,Flotilla 13,,,Palyam,Navy,Naval,,,,,,מיליציה,מלחמת העצמאות,נטמעה בשייטת 13,הפעלת מכשירי צלילה אוטונומיים,,,,"פלי""ם",שייטת 13,,יוסף דרור,,הקומנדו הימי האיטלקי הפשיסטי,,,,
Intelligence Service 18 805,Intelligence Service 18 805,"ש""מ 18 יחידת הסוכנים של שירות המודיעין של צה""ל",,1948,1950,,The History of Israeli Intelligence,Intelligence Service 18 805,Intelligence Service 18 805,,,Intelligence,AMAN,Spyware and sabotage,,,,,מודיעין/לוחמה זעירה,,,,,,,מודיעין,מסתערבים - שחר,,,"סומך, שמריה גוטמן",,,,,,
Maritime Demolition Unit,Maritime Demolition Unit,יחידת החבלנים – קיסריה,,1948,1948,,,Maritime Demolition Unit,Flotilla 13,,,Palyam,Navy,Naval,,,,,,מיליציה,מלחמת העצמאות,נטמעה בשייטת 13,הפעלת סירות נפץ,,,"פלי""ם",החוליה לחבלה ימית,"השירות הימי, שייטת 13",,יוחאי בן נון,"יגאל וייס,שאול אורן, אברמוב זלמן, ארד שרגא, ברוקמן יצחק, הוכברג צבי, וינטרוב דב, ורדי יעקב, זלינגר חנוך, טובלין זרובבל, סגל שלמה, ריטוב יעקב ושביט אברהם",הקומנדו הימי האיטלקי הפשיסטי המדריך קפריוטי,,,,
Naval Commandos,Naval Commandos,הקומנדו הימי יחידת המתאבדים של אסקימו,,1948,1948,,,Naval Commandos,Flotilla 13,,,Palyam,Navy,Naval,,,,מאי,,מיליציה,,,,,,השרות הימי,השירות הימי,שייטת 13,,אורי ברכמן-שילה,אהרן בן-יוסף,,,,,
Paratroopers 1948,Paratroopers 1948,יחידת הצנחנים הראשונה,,1948,1949,,,Paratroopers 1948,Paratroopers 1948,,,Infantry,Haifa,Airborne,,,,2 בספטמבר,,"חי""ר",מלחמת העצמאות,"המשמעת הרופפת ותאונות האימונים הקטלניות הביאו את המטה הכללי להחלטה כי יש להחליף את המפקד, לנפות את מרבית הקצינים והחיילים ולבנות יחידה חדשה",הכשרת צנחנים למשימות מעבר לקווי האויב.,,,צנחנים,"צנחני הישוב, יוצאי גדוד 51, פלמ""ח",צנחנים,,יואל פלגי,"קרל כהנא, יצחק ספקטור, חיים גורי, דן אבני, יוסף אגסי, דב אל-עמי, שמשון בר-נוי (נוימן), חיים גורי (גורפינקל), י. גלר, יצחק גרינולד, ראובן דרוסקין, יעקב וידיסלבסקי, ב. כהן, קרל כהנא, ארתור לנדמן, י. קופרשטיך, ושמואל קריינר.",,,נמוכה,,
Reconnaisance Platoon Golani,Reconnaisance Platoon Golani,סיירת גולני,,1948,2001,,,Reconnaisance Platoon Golani,Reconnaisance Platoon Golani,,,Infantry,North,Reconnaissance,,,,,,,,,,יחידת ההתערבות של פיקוד צפון,צפון,חטיבת גולני,פליטי חטיבת אלכסנדרוני,101,,,"צבי עופר, חיים ארדיטי",,,,,
Reconnaissance Company 9th Battalion,Reconnaissance Company 9th Battalion,פלוגת סיור גדוד הפשיטה הממוכן 9,,1948,1948,,,Reconnaissance Company 9th Battalion,Reconnaissance Company 9th Battalion,,,Palmach,South,,,,,28 במרץ,,"חיר""ם",מלחמת השחרור,"הקמת צה""ל","הפעלת זחלמ""ים עם תותחי 20 מ""מ כנגד משוריינים מצריים",,,,"פלמ""ח",חטיבה 7 חיל השריון,,ישראל כרמי,,,,,,
Samson's Foxes Givati,Samson's Foxes Givati,"שועלי שמשון - פלוגה ב', גדוד 54, גבעתי",,1948,1956,,,Samson's Foxes Givati,Samson's Foxes Givati,,,Infantry,South,Deep Reconnaissance,,,,,,"חיר""ם",מלחמת השחרור בעקבות התרשמות מהישגי חיות הנגב,,"חי""ר ממוכן",,דרום,"הגנה, צה""ל",חיל השדה,,,"שמעון אבידן, אריה שפק",,,שועלי שמשון,,,
Intelligence Unit 154,Intelligence Unit 154,"יחידה 154 קת""מ מודיעין 10",,1949,,,,Intelligence Unit 154,Intelligence Unit 154,,,Intelligence,AMAN,HUMINT,,,,,מודיעין/לוחמה זעירה,נמוכה,,,מודיעין,,פרישה ארצית ובמדינות יעד,מודיעין,"ש""י, שירות מודיעין 1","סיירת מטכ""ל, 504",,דוד קרון,"אברהם ארנן, אברהם כהן, יעקב (ז'ק) צביה, רחביה ורדי, חיים שדמי",,,נמוכה,,
Intelligence Unit 504,Intelligence Unit 504,יחידה 504,,1949,,,,Intelligence Unit 504,Intelligence Unit 504,,,Intelligence,AMAN,Operating agents,,,,,,,,,איסוף מידע מודיעיני באמצעות הפעלת סוכנים בקרבת גבולותיה של ישראל; חקירת שבויים שנופלים בשבי ישראל; מבצעים מיוחדים,,פרישה ארצית ובמדינות יעד,מודיעין,154,,"מוסד, שב""כ",,"יהודה דנגורי, יהושע בר תקווה",,,,,
Itelligence 132,Itelligence 132,יחידה 132,,1949,,,,,,,,Intelligence,AMAN,,,,,,,,,,,,,,,,,,,,,,,
Airborne Battalion 890 1950,Airborne Battalion 890 1950,"גדוד 890 במסגרת בה""ד 8 ביה""ס לצניחה",,1950,,,,Airborne Battalion 890 1950,Airborne Battalion 890 1950,,,Paratroopers,Center,,,,,,,,כישלון יחידת הצנחנים הקודמת,,הכשרת צנחנים,"לא הוגדר, עסקו בעיקר בבט""ש באיזור ירושלים, בהמשך פעולות תגמול.",,,,צנחנים,,יהודה הררי,"מסרל טוביאס, יצחק ולקר, ירחמיאל אבנון, קלמן מגן, יחיאל לוין, מרדכי ילישביץ, ברוך פרומקין, שבתאי אילון (אילוז), אברהם תמיר (סיומקין), גדעון ריבלין .",,,,,
Intelligence 13 Wing,Intelligence 13 Wing,ענף 13,,1950,1950,,,Intelligence 13 Wing,Intelligence 13 Wing,AMAN,,Intelligence,AMAN,Special Operations Command,,,,,,,"ענף מבצעים שמאחד את היחידות לפעולות מיוחדות, אמור היה לכלול את שייטת 13 וטייסת 13 שלא הוקמה",,,לחבל בהכנות מדינות ערב למלחמה ובכוננותן המלחמתית בימי שלום ומלחמה,,,,,,חיים יערי ולנדר,,"הוקם על פי המודל של ה-SOE - מדור לחתרנות מבצעית ללוחמה זעירה בעומק ארצות האויב, ומדור ללוחמה פסיכולוגית/תעמולה שחורה",,,,
Shayetet 13,Shayetet 13,שייטת 13,,1950,,Shaul Sela,,"Port Company,Palyam Sea Company,Divers,The 4th Battalion",,,,Navy,Navy,Naval Commando,,,,,לוחמה זעירה,,,,,,,ים,,,,,,,,,Shaul Sela,
Unit 30,Unit 30,יחידה 30,,1951,1952,Moshe Dayan,,Unit 30,Sayeret Shaked 424,,Unit 30,Regional,South,Preventive,,,,,,נמוכה,הסתננויות,,"הגנה דינאמית, המנעה","מיפוי, סיור, פעולות תגמול ",דרום,,חטיבת הנגב,שקד,,"אברהם לוין, חיים דים","בני ענבר, אהרון קמרה",,,נמוכה,Moshe Dayan,
Intelligence 131,Intelligence 131,יחידה 131,,1953,,,,,Intelligence 188,AMAN,,Intelligence,AMAN,HUMINT,,,,,,,,פרשת לבון,"פעילות בעת מלחמה בלב ארצות אויב, לזרוע בהן בהלה, לפגוע ברצון הלחימה של האוכלוסייה על ידי ביצוע פיגועים, הפצת תעמולה שחורה, ושיטות אחרות של לוחמה פסיכולוגית שנוסו במלחמת העולם על-ידי ה-SOE",ליחידה לא הוגדר תפקיד בתקופות שבין מלחמות,,"מודיעין כפיפות ישירה לראש ממ""ן",,,,,,,,,,
Unit 101,Unit 101,יחידה 101,,1953,1954,"Arik Sharon,Meir Har Zion",,Unit 101,Airborne   (890),,Unit 101,Infantry,Center,Retaliations,,,,אוגוסט,,מיון/הכשרה,הסתננויות,,פעולות תגמול,,,,החטיבה הירושלמית,צנחנים,,אריאל שרון,,,גבוהה,גבוהה,"Meir Har Zion, Arik Sharon",
135 Armored Reconnaissance Battalion,135 Armored Reconnaissance Battalion,"פלס""ר 7",,1954,1956,,,9 Armored Brigade,Palsar 7 Armored Reconnaissance Company,,,Armor,North,Armor Reconnaissance,,,,,,,,,"פתיחת תאי שטח לחטיבת השיריון, איסוף מודיעין, איתור איומים וביצוע משימות מיוחדות- רגליות ורכובות","הכוונת מסק""רים וכוחות, תקיפת יעדים ועוד","מטכ""לי",שריון,"פלס""ר 7","פלס""ר 401, 188",,,,,,בינונית,,
Airborne Reconnaissance Company 890,Airborne Reconnaissance Company 890,סיירת הצנחנים הראשונה מחלקת הסיור של גדוד 890 ,,1954,1954,Meir Har Zion,,Airborne   (890),Airborne   (890),,,Paratroopers,Center,Airborne,,,,,,,,,,,,,,,,מאיר הר ציון,,"מיכה בן ארי קפוסטה, אהרון (ארול) אשל, מאיר יעקבי, יאיר תל צור, שמעון כהנר (קצ'ה).",,,Meir Har Zion,
Nahal Reconnaisance Platoon 150,Nahal Reconnaisance Platoon 150,"סיירת נח""ל ערבה 150",,1954,1954,,,Unit 30,Sayeret Shaked 424,,Nahal Reconnaissance Platoon 150,Regional,South,Preventive,,,,,,,הרצח במעלה העקרבים,,"ליווי שיירות בנגב, סיורים בנגב מאבק במסתננים",,דרום,,,נטמעה ב-890,,"יעקב ארנון, צבי לבנון",,,,,,
Intelligence 188,Intelligence 188,"יחידה 188 אמ""ן",,1955,,,,Intelligence 131,Mossad,AMAN,,Intelligence,AMAN,Humint,,https://paperpile.com/app/p/b3ce1447-c4e4-07cd-acf7-7250a1129fd8,,,,,,איחוד עם המוסד יחידת קיסריה,היומינט,,ריגול,מודיעין,,קיסריה,,,"וסק'ה יריב (שכונה ""דן""), סגנו גדליה
חלף ושמעון סומך (""סמעאן"")",,,,,
Sayeret Shaked 424,Sayeret Shaked 424,סיירת שקד 424,,1955,1979,,,Sayeret Shaked 424,Sayeret Shaked 424,,Sayeret Shaked 424,Regional,South,Preventive,,,,מאי,,,"הסתננויות, בעיקר בגיזרה הדרום-מערבית של פיקוד הדרום",פירוק הסיירות הפיקודיות,המנעה,החל משנת 1970 גדוד קומנדו תחת פיקודו של דני וולף רהב,דרום,,"יחידה 30, כוח משימה קטן שהוקם בפיקוד המרכז, סיירת נח""ל ערבה 150",הסיירות הפיקודיות,,צבי עופר,"נדב נוימן, עבד אל-מאג'יד, דב סטרליץ, דני וולף רהב",,,,,
7 Armored Reconnaissance Company,7 Armored Reconnaissance Company,"פלס""ר 7",,1956,1973,,,Palsar 7 Armored Reconnaissance Company,Palsar 7 Armored Reconnaissance Company,,,Armor,North,Armor Reconnaissance,Palsar 7 1967.pdf (https://dl.airtable.com/kKbgkzHPRvOr1yAYqhvM_Palsar%207%201967.pdf),,,,,,,,"פתיחת תאי שטח לחטיבת השיריון, איסוף מודיעין, איתור איומים וביצוע משימות מיוחדות- רגליות ורכובות","הכוונת מסק""רים וכוחות, תקיפת יעדים ועוד","מטכ""לי",שריון,"פלס""ר 7","פלס""ר 401, 188",,,,,,בינונית,,
332 Mortar Battalion,332 Mortar Battalion,מרגמות מוצנחות 322,,1956,1956,,,332 Battalion,332 Battalion,,,Paratroopers,Center,Airborne Artillery,,,,,,,,,,,,,,,,,,,,,,
Airborne  Reconnaisance 5173,Airborne  Reconnaisance 5173,סיירת צנחנים 202 פלוגת סיור חטיבתית 5173,,1956,1957,Micha Ben-Ari,,Airborne  Reconnaisance 5173,Airborne  Reconnaisance 5173,,,Paratroopers,Center,Reconnaissance,,,,,,,,,פעולות תגמול,,מרכז,"חי""ר","101, 890","סיירת מטכ""ל, סיירת צנחנים",,"אריאל שרון, מאיר הר-ציון","מאיר הרציון, מיכה בן-ארי",101,,,Micha Ben-Ari,
Sayeret Egoz 483 Reconnaissance 1,Sayeret Egoz 483 Reconnaissance 1,סיירת אגוז 483,,1956,1957,,,Sayeret Egoz 483 Reconnaissance 1,Sayeret Egoz 483 Reconnaissance 1,,Sayeret Egoz 483 1,Regional,North,Commando,,,,,,,לקראת מבצע קדש יחידה דרוזית לפעילות בעורף האויב הדרוזי,התקלות במארב של משמר הגבול באום-אל פאחם,פעילות מיעוטים בעורף הסורי במקרה שהם יצטרפו למלחמה,"בט""ש בגיזרת ג'נין",צפון,"חי""ר",,"סיירת אגוז, יחידות מיעוטים",,אריה גורדי,נפתלי אלקין,,,,,
Unit 755,Unit 755,יחידה 755,,1956,1970,,,Unit 755,Unit 755,,,Artillery,,ATM,,,,,,,,,,,,,,,,,,,,,,
Airborne  Reconnaissance 73,Airborne  Reconnaissance 73,,,1957,2002,Aharon Eshel - Erol,,Airborne  Reconnaisance 73,Airborne  Reconnaisance 73,,,Paratroopers,Tel Nof,Reconnaissance,,,,,,,,,,,,,,,,,,,,,Aharon Eshel - Erol,
Sayeret Matkal 262 269,Sayeret Matkal 262 269,"סיירת מטכ""ל",,1957,,Avraham Arnan,,,Sayeret Matkal 262 269,"Special Operations,AMAN",,Intelligence,AMAN,SIGINT,,,,,,,,,,,,"אמ""ן","154, סיירת צנחנים",שלדג,"חרוב, שקד","אברהם ארנן, מאיר הר ציון",מיכה בן-ארי,SAS,,,Avraham Arnan,
Master Divers,,חולית האמודאים,,1951,1962,Edmond Wilhelm Brillant,,,,,,Navy,Navy,Technical Diving,,,,,,,,,,,,,,,,,,,,,Edmond Wilhelm Brillant,
Unit 707 - Defensive Divers ,Unit 707 - Defensive Divers ,צוללים הגנתיים 707 ,,1962,1976,Shaul Sela,,Flotilla 13,"Flotilla 13,Yaltam Underwater Missions",,,Navy,Navy,Naval Commando,Unit 707.pdf (https://dl.airtable.com/hZLYQhw3QwqUXOReHLlr_Unit%20707.pdf),,,,,,הסרת נטל הצלילה ההגנתית מהשייטת,בהנהגת שאול זיו היחידה לקחה על עצמה תפקידים התקפיים הוגדרה כיחידת פשיטה. ולא הייתה עוד הצדקה להפרדה משייטת 13,עבודות תת מימיות בעלות אופן טכני,"החל משנת 1965  פעילות בט""ש ביחד עם סיירת שקד ועם גולני, תחרות עם שייטת 13",,ים,"יחידת האמודאים, מספנות חיל הים ומדור בקרת נזקים","שייטת 13 ילת""ם",, אדמונד וילהלם ברילנט,"שאול זיו, נדב קלע, דב בר, יוסי דר, איתמר שחם",,הניסיון להעביר לוחמי שייטת ליחידה נתפש כפחיתות כבוד,,Shaul Sela,
Egoz,Egoz,אגוז,,1963,,,,,,,,Regional,,,,,,,,,,,מארבים באזורי חדירת מחבלים,,,,,,,,,,,,,
Paratroopers Engineer Company,Paratroopers Engineer Company,"פלחה""ן צנחנים",,1963,2002,,,Paratroopers Engineer Company,Paratroopers Engineer Company,,,Infantry,Center,Engineering,,,,,,,,,"פשיטות חבלה בעורף האויב וכן כל מבצע הנדסי רכוב, רגלי או מוצנח.","בט""ש",,"חי""ר",מחלקת חבלה מסגרת חטיבת המילואים 80,"פלחה""ן במסגרת הגדס""ר",,מייק מיכאלי קיש,,,,,,
Sayeret 525 Reconnaisance,Sayeret 525 Reconnaisance,סיירת 525,,1963,1964,,,Sayeret Shaked 424,Sayeret Shaked 424,,,Regional,South,Preventive,,,,,,,"הסתננויות, בערבה ובהר הנגב ",נטמעה בשקד,המנעה,,דרום,,יחידה 300,סיירת שקד,,אהרון גיל,"סאלח אל-הייב, אמציה חן פצי",,,,,
Sayeret Egoz 483,Sayeret Egoz 483,סיירת אגוז 483,,1963,1974,,,Sayeret Egoz 483,Sayeret Egoz 483,,,Regional,North,Preventive,,,,,,,החלטת הפיסגה הערבית על הטיית מי הירדן אבטחת המוביל הארצי,פירוק הסיירות הפיקודיות,"כוח סיור להיערכות הגנתית, משימות ביטחון שוטף עיקוב וגישוש מניעת חדירות של חוליות פתח מגבול הצפון.",יחידת עלית שתהיה זמינה באופן קבוע ובעלת היכרות מעמיקה עם הגיזרה,צפון,"חי""ר",,,,חיים סלע,אבי תלם,,,,,
Golani Engineering company,Golani Engineering company,"פלחה""ן גולני מילואים",,1965,2001,,,Golani Engineering company,Golani Engineering company,,,Infantry,North,Engineering,,,,,,,,,"לחימת חי""ר תוך שילוב כשירויות הנדסה וחבלה: התמודדות עם מוקשים ומטענים, פילוס נתיבים והקמת גישור וביצורים, מילכוד מתקני אוייב, פיצוץ, פריצה והשמדה.","במלחמת יום הכיפורים שימשה הפלחה""ן כסיירת",,,"סיירת אגוז, גולני",סיירת ארז - אלפיניסטים - אגוז,,שייקה ארז,,,,,,
114 Squadron Night Leaders Squadron,114 Squadron Night Leaders Squadron,טייסת מובילי הלילה,,1966,,Uri Yarom,,114 Squadron Night Leaders Squadron,114 Squadron Night Leaders Squadron,,,Air force,Air Force,Landing of forces,,,,ינואר,,,,,"הנחתת כוחות מעבר לקווי האויב, הובלת ציוד לחימה וחילוץ נפגעים",,,,,,,,,,,,Uri Yarom,
Bat (ATALEF) Unit,Bat (ATALEF) Unit,יחידת עטלף,,1966,1966,,,Sayeret Shaked 424,Bat (ATALEF) Unit,,,Regional,South,Optical observations,,,,,,,,,,,,,,,,,,,,,,
Duchiphat Hoopoe Reconnaisance,Duchiphat Hoopoe Reconnaisance,סיירת דוכיפת,,1966,1969,Aharon Davidi,,Duchiphat Hoopoe Reconnaisance,Duchiphat Hoopoe Reconnaisance,,,Paratroopers,Center,Airborne Armor,,,,,,בינונית,חשיבה מוטעית כי ניתן יהיה להוביל שריוניות aml 90 באמצעות מסוקים ולסייע לצנחנים,כישלון בהפעלת השריוניות,כוח נייד ובעל עבירות גבוהה סיוע לצנחנים בשדה הקרב,"אחרי המלחמה בט""ש ברצועת עזה ובבקעת הירדן",,"חי""ר שריון קל",צנחנים,,,אהוד שני,"יאיר רפאלי, עדי ליבנה, יורם כפרי, גידי בן-יוסף, אמנון ליפקין-שחק",,"הניסיון להעביר לוחמי חי""ר ללוחמת שריון נתפש כפחיתות כבוד",נמוכה,Aharon Davidi,
Sayeret Haruv 484,Sayeret Haruv 484,סיירת חרוב 484,,1966,1974,,,Sayeret Haruv 484,Sayeret Haruv 484,,,Regional,Center,Preventive,,,,29 ביולי,,,הוקמה כמחלקת סיור ביחידת המודיעין של חטיבת הצנחנים הסדירה 35,,"המנעה בט""ש","לוט""ר",מרכז,"חי""ר",צנחנים,,,חזי יחזקאל שלום,,,,,,
Druze Reconnaissance Unit 244,Druze Reconnaissance Unit 244,סיירת שחר 244,,1967,,,,Druze Reconnaissance Unit 244,Druze Reconnaissance Unit 244,,,Infantry,North,Reconnaissance,,,,,,,,,,,,,,,,,,,,,,
ATM Recon Unit 70,ATM Recon Unit 70,"יחידת סיור נ""ט מס' 70",,1968,,,,ATM Recon Unit 70,ATM Recon Unit 70,,,Infantry,,,,,,,,,,,,,,צנחנים,דוכיפת,פלוגות העורב,,גד נגבי,,,,,,
Polar Bear Unit 88,Polar Bear Unit 88,דב לבן בהמשך גדוד 88 בחטיבה 274,,1968,1974,,,Polar Bear Unit 88,Polar Bear Unit 88,,,Armor,South,Armor  Commando,,,,,,,טנקי שלל מלחמת ששת הימים,,הפעלת טנקי הטירן הסובייטיים שנלקחו שלל במלחמת ששת הימים טנקים קלים שניתן היה להנחית אותם מרחפות ולהסוות אותם כטנקים מצריים,,,שריון,"פלס""ר 7 היחידה השתייכה לחטיבה 8",,,יוסלה יודביץ,שלמה באום,,,,,
Reconnaisance Anti-Tank 582 80,Reconnaisance Anti-Tank 582 80,"גדוד סיור ונ""ט 582 של חטיבת המילואים 80",,1968,1972,,,Reconnaisance Anti-Tank 582 80,Reconnaisance Anti-Tank 582 80,,,Paratroopers,Center,Reconnaissance Battalion,,,,,,,דוידי חיפש דרכים לצקת תוכן במושג הסיירות,הצבא לא תמך בהקמה ולא ראה צורך בקיום היחידה,"הפעלת משולבת של תול""רים, חה""ן, ויחידת הסיור - מעין גדס""ר במתכונת ראשונית ","בט""ש",,צנחנים,חטיבת הצנחנים,פלוגות העורב,,מיכה בן-ארי קופסטה,,"עמי-יעל אקסלרוד, אמיר קרן, נתן שורני",,,,
Sayeret 401 Armored Reconnaissance Company 1968,Sayeret 401 Armored Reconnaissance Company 1968,"פלס""ר 401",,1968,1972,,,Sayeret 401 Armored Reconnaissance Company 1968,Sayeret 401 Armored Reconnaissance Company 1968,,,Armor,South,Armor Reconnaissance,,,,,,,מלחמת ששת הימים,,,,דרום תעלת סואץ,שריון,,,,,,,,,,
Shaked Pseudocerastes Shfifon,Shaked Pseudocerastes Shfifon,שפיפון,,1968,1969,,,Sayeret Shaked 424,Sayeret Shaked 424,,,Regional,South,Preventive,,,,,,,גישה התקפית כנגד פעולות מחבלים בדרום הערבה,,המנעה ומכות מנע תגובה לפעילות מחבלים ומיקוש בתוך שטח ישראל,פעולות תגמול והרתעה,דרום,"חי""ר",שקד,,,בנימין בן אליעזר,אמציה חן פצי,,,,,
Special Operations,Special Operations,מבצעים מיוחדים,,1969,,,,Sayeret Matkal 262 269,,AMAN,,Intelligence,AMAN,,,https://paperpile.com/app/p/ef663d45-0d5c-0144-b83d-e2d597a37e53,,,,,,,,,,,,,,,,,,,,
118 Squadron Nocturnal Birds of Prey Squadron,118 Squadron Nocturnal Birds of Prey Squadron,טייסת דורסי הלילה,,1970,,,,118 Squadron Nocturnal Birds of Prey Squadron,118 Squadron Nocturnal Birds of Prey Squadron,,,Air force,Air Force,Landing of forces,,,,אוגוסט,,,קליטת מסוקי יסעור,,"תובלת סער, חילוץ נפגעים, פינויים מקווי החזית ובמבצעים משולבים",הטסת לוחמי יחידות עלית למבצעים בעומק שטח האויב,,אויר,מובילי הלילה,,,,,,,,,
Bomb Disposal Unit 1970,Bomb Disposal Unit 1970,"יחס""פ - ס""פ",,1970,1995,,,Bomb Disposal Unit 1970,Bomb Disposal Unit 1970,,,Engineering,General,Bomb disposal,,,,,,,"הכרה של הרמטכ""ל בסלק כמקצוע ייחודי התנדבותי דוגמת טייס או צוללן",,"ניטרול מטענים במבנים, סילוק תחמושת, פירוק מטענים מתוחכמים, ראשי קרב של טילים",,עזה,הנדסה,"יחס""פ",,,מאיר סברייגו,יוסי רפאלוב,,,,,
Granade Rimon Unit 5176,Granade Rimon Unit 5176,רימון סיירת חופים,,1970,1971,"Meir Dagan,David Maimon",,,"Shimshon (Unit 367),Regional Brigade 417",,,Regional,Gaza,CT,Bergman Meir Dagan.pdf (https://dl.airtable.com/a7itoVcVRUCRj10AWzIw_Bergman%20Meir%20Dagan.pdf),"Bergman, Ronen. 2018. Rise and Kill First: The Secret History of Israel’s Targeted Assassinations. Random House Publishing Group. https://market.android.com/details?id=book-3UXKDQAAQBAJ.",,,,,"התגברות פח""ע ברצועת עזה",,לחימה בטרור ברצועת עזה,,דרום,,צנחנים,"דובדבן, שמשמון, ימ""ס",,מאיר דגן,,,,נמוכה,"David Maimon, Meir Dagan",
Reconnaissance Company 679,Reconnaissance Company 679,"פלס""ר חטיבת 679 מילואים",,1970,,,,Reconnaissance Company 679,Reconnaissance Company 679,,,Armor,North,Armor Reconnaissance,,,,,,,,,,,,,,,,,,,,,,
Shaked Chameleon Zikit,Shaked Chameleon Zikit,זיקית,,1970,1970,,,Sayeret Shaked 424,Sayeret Shaked 424,Granade Rimon,,Regional,Gaza,Preventive,,,,,,,"התגברות פח""ע ברצועת עזה",,המנעה הסתערבות,,דרום,,שקד,,,משה רובין,,,,,,
Unit 5700,Unit 5700,יחדת הנחתה קדמית 5700,,1972,,,,Unit 5700,Unit 5700,Command of the Special Air Forces,,Air force,Nevatim,,,,,,,,,,,,,,,,,,,,,,,
Gadsar 87 ,Gadsar 87 ,גדוד סיור 87,,1973,,,,Gadsar 87,Gadsar 87,,,,,,,,,,,,מלחמת השחרור,,,,,חטיבה 8,,,,,,,,,,
Natran,Natran,יחידת נתרן - תותחנים מוסקים,,1973,1973,,,Natran,Natran,,,Artillery,General,Airborne Artillery,,,,,,,,,,,,,,,,,,,,,,
Reconnaissance Battalion 87,Reconnaissance Battalion 87,"גדס""ר 87 מילואים",,1973,1974,,,Reconnaissance Battalion 87,Reconnaissance Battalion 87,,,Armor,South,Armor Reconnaissance,,,,מאי,,,,הגדוד נפגע קשות בקרבות החוה הסינית עד שחדל להתקיים,,,,שריון אוגדה 143,אוגדה 143,"פלס""ר חטיבת 421",,"בנצי כרמלי, יואב ברום",,"פלס""ר 87 של חטיבה 8 במהלך מלחמת העצמאות",,,,
Reconnaissance Company 421,Reconnaissance Company 421,"פלס""ר 421 מילואים",,1973,1986,,,Reconnaissance Company 421,Reconnaissance Company 421,,,Armor,South,Armor Reconnaissance,,,,,,,,,,,,,,,,חיים רודברג,,,,,,
Sayeret 401 Armored Reconnaissance Company,Sayeret 401 Armored Reconnaissance Company,"פלס""ר 401",,1973,1974,,,Sayeret 401 Armored Reconnaissance Company,Sayeret 401 Armored Reconnaissance Company,,,Armor,Center,Armor Reconnaissance,,,,,,,הוקמה תוך כדי מלחמת יום הכיפורים,,,,,שריון,,,,,,,,,,
Visual Intelligence Unit - 869 - The Shahaf (Seagull) Battalion,Visual Intelligence Unit - 869 - The Shahaf (Seagull) Battalion,,,1973,,,,Visual Intelligence Unit 1973,Visual Intelligence Unit 1973,,,Field Intelligence,General,Visint,Field Intelligence - Daniel Asher.pdf (https://dl.airtable.com/xqrCtpoMRyGxY1kuD0FT_Field%20Intelligence%20-%20Daniel%20Asher.pdf),,,,,,,,,,,,,,,,,,,,,
Yamam Counter-terrorism,Yamam Counter-terrorism,"ימ""מ - יחידה מרכזית מיוחדת היחידה ללוחמה בטרור",,1973,,,,Yamam Counter-terrorism,Yamam Counter-terrorism,,,Police,General,CT,,,,,,,אירוע מעלות ועדת חורב,,השתלטות שחרור בני ערובה,"סיוע למשטרה ולשב""כ",כלל ארצי,"מג""ב",,,,ראובן יעקב (נמרוד),"אסף חפץ, אליק רון, דוד צור",,,גבוהה,,
98th Paratroopers Division,98th Paratroopers Division,,,1974,,,,98th Paratroopers Division,98th Paratroopers Division,,,Paratroopers,Center,Air assaults,,,,,,,,,,,,,,,,,,,,,,
Shaldag 5101,Battalion for Air Assignments (Shaldag) 5101, שלדג 5101,Elite,1974,,Muki Betser,Secret Soldier,Sayeret Matkal 262 269,Battalion for Air Assignments (Shaldag) 5101,,,Intelligence,Center,Deep Reconnaissance,,,,,,,,,,,,,,,,,,,,,Muki Betser,
Counterterrorism school,Counterterrorism school,"לוט""ר",,1974,,,,Counterterrorism school,Counterterrorism school,,,Infantry,Center,CT,,,,,,,,,"הכשרה בתחומי לוט""ר, צלפים, קליעה, טג""ח, הסוואה",פעילות מבצעית עם יחידות אחרות,מתקן אדם,"חי""ר",,,,עמוס קוצר,,,,,,
General Staff Visual Intelligence Unit,General Staff Visual Intelligence Unit,"יחידת תצפיות מטכ""לית ית""מ",,1974,,,,General Staff Visual Intelligence Unit,General Staff Visual Intelligence Unit,,,Field Intelligence,General,Visint,,,,,,,המלצת ועדת אגרנט על צורך בחיזוק הפן הויזינטי. ,,,,,,,,,,,,,,,
Golani Anti-Tank Company 1974,Golani Anti-Tank Company 1974,עורב גולני,,1974,1975,,,Golani Anti-Tank Company 1974,Golani Anti-Tank Company 1974,,,Infantry,North,ATM,,,,,,,"לקחי מלחמת יום הכיפורים - מהפיכת הנ""ט",,"לוחמה נגד טנקים ונגד רק""ם טאו","יחידת חיל רגלים מובחרת למשימות התקפיות מורכבות, בט""ש.",,"חי""ר",חטיבת גולני,"פלחה""ן גולני, גדס""ר גולני",,מיקי מוסברג,,,,,,
Oketz Unit  Canine Special Forces 7142,Oketz Unit  Canine Special Forces 7142,עוקץ,,1974,,Yossi Labok,To Think with Six Legs The Story of Yossef Labock Founder of Oketz – IDF Canine Unit,Oketz Unit  Canine Special Forces 7142,Oketz Unit  Canine Special Forces 7142,,,Infantry,Center,Canine,,,,,,,התגברות הטרור,,הפעלה ואימון כלבים למשימות לחימה ייעודיות בכל הגזרות ובמיוחד בשטחים. המטרה המבצעית של יחידת עוקץ היא סיכול טרור ומניעת פגיעה בכוחותינו,,,,,,,,,,,,Yossi Labok,
Paratroopers Anti-Tank Company,Paratroopers Anti-Tank Company,עורב צנחנים,,1974,2002,,,Paratroopers Anti-Tank Company,Paratroopers Anti-Tank Company,,,ATM,Center,ATM,,,,,,,"לקחי מלחמת יום הכיפורים - מהפיכת הנ""ט",,,,,"חי""ר",חטיבת הצנחנים,"גדס""ר צנחנים",,אמנון דותן ,"יואב גוטסמן, אמיר ברעם, נמרוד אלוני, יאיר גולן, אביב כוכבי",,,,,
Unit 669 Airborne Rescue And Evacuation,Unit 669 Airborne Rescue And Evacuation,669,,1974,,,,Unit 669 Airborne Rescue And Evacuation,Unit 669 Airborne Rescue And Evacuation,Command of the Special Air Forces,,Air force,Air Force,SAR,,,,,,,,,,,,,,,,,,,,,,
Unit Alpinistim (Res),Unit Alpinistim (Res),"אלפיניסטים, סיירת ארז, סיירת החרמונים",,1974,,,,Unit Alpinistim (Res),Unit Alpinistim (Res),,,Regional,North,Rough Terrain,,,,,,,"פירוק יחידת אגוז, הקשיים של היחידות האחרות בלוחמה בחרמון.",,לוחמה באיזורים מושלגים,,צפון,אוגדה 36,סיירת אגוז,,,דוד מתג,,,,,,
General Staff Visual Intelligence Unit - Mobile Company,General Staff Visual Intelligence Unit - Mobile Company,"יחידת תצפיות מטכ""לית ניידת",,1976,1980,,,"Sayeret Matkal 262 269,Visual Intelligence Unit 1973",,,,Field Intelligence,General,Visint,,,,,,,,,,,"מטכ""לי",איסוף קרבי,,,,,,,,,,
Battalion for Air Assignments (Shaldag),Battalion for Air Assignments (Shaldag),הגדוד למשימות חיל האוויר,,1977,,,Shaldag,Battalion for Air Assignments (Shaldag),Battalion for Air Assignments (Shaldag),,,Infantry,Center,Deep Reconnaissance,,,,,,,,,,,,,,,,,,,,,,
Combat Engineering Reconnaissance Company 605,Combat Engineering Reconnaissance Company 605,"מחס""ר מחץ 605 ",,1977,,,,Combat Engineering Reconnaissance Company 605,Combat Engineering Reconnaissance Company 605,,,Engineering,North,,,,,,,,,,"סריקת שטח, איסוף מודיעין הנדסי","בט""ש",,הנדסה,,,,,,,,,,
Golani Anti-Tank Company 1977,Golani Anti-Tank Company 1977,עורב גולני,,1977,,,,Golani Anti-Tank Company 1977,Golani Anti-Tank Company 1977,,,Infantry,North,ATM,,,,,,,,,"לוחמה נגד טנקים ונגד רק""ם טאו","יחידת חיל רגלים מובחרת למשימות התקפיות מורכבות, בט""ש.",,,חטיבת גולני,"גדס""ר גולני",,דני הרמן,"רפי מוסברג, מוטי שפס, יואב שדמה, ציון אוטמזגין, גדי אייזנקוט.",,,,,
Golani Engineer Company,Golani Engineer Company,"פלחה""ן גולני סדיר",,1977,,,,Golani Engineer Company,Golani Engineer Company,,,Infantry,North,,,,,,,,,,,,,,,,,,,,,,,
***Nahal Anti-Tank Company (Res),***Nahal Anti-Tank Company (Res),"עורב נח""ל מילואים",,1977,,,,Nahal Anti-Tank Company (Res),Nahal Anti-Tank Company (Res),,,ATM,North,Engineering,,,,,,,,,,,,,,,,,,,,,,
Yaltam Underwater Missions ,Yaltam Underwater Missions ,"ילת""ם יחידה למשימות תת-מימיות",,1980,,,,Defensive Divers 707,,,,Navy,Navy,Technical Diving,,,,,,,"הקמה רשימית אפריל 1980. הכרה בצורך ביחידה מקצועית לפעילות תת מימית מקצועית בעיקר איתור כלי טיס שהופלו ואח""י דקר",,"תיקון של כלי שיט של חיל הים מתחת לפני המים, ריתוך וחיתוך תת-מימי","חבלה וסילוק פצצות תת-מימיות, חילוץ והצלה",,ים,"707, שייטת 13, היחידה המקצועית",,,דני אבינון,,,,,,
Moran,Moran,מורן,,1982,2003,,,Moran,Moran,,,ATM,South,ATGM,,,,,,,,,,,,,,,,,,,,,,
Israeli Police Border Reconnaisance - North,Israeli Police Border Reconnaisance - North,סיירת מגב צפון,,1982,,,,Israeli Police Border Reconnaisance - North,Israeli Police Border Reconnaisance - North,,,Police,North,Reconnaissance,,,,,,,,,,,,,,,,,,,,,,
Sayeret Yael Combat Engineering Reconnaissance,Sayeret Yael Combat Engineering Reconnaissance,סיירת יעל,,1982,,,,Unit 630,Yahalom,,,Engineering,General,Engineering,,,https://news.walla.co.il/item/2627668,,,,לקחי מבצע שלום הגליל,,"כניסה חשאית ופילוס נתיבים בשדות מוקשים וזירות מטענים, פריצת מכשולים, מעבר מכשולי מים, מיקוש והטמנת מטענים, השמדת תשתיות אויב, סיור ואיסוף מודיעין הנדסי","שימוש בחומרי חבלה בפעילות בט""ש",בעיקר צפון,הנדסה,אגד הצליחה של חיל ההנדסה,"יהל""ם",,,,,,,,
Border Patrol Reconnaissance Unit - Central District,Border Patrol Reconnaissance Unit - Central District,סיירת מגב מרכז,,1983,,,,Border Patrol Reconnaissance Unit - Central District,Border Patrol Reconnaissance Unit - Central District,,,Police,Center,Reconnaissance,,,,,,,,,,,,,,,,,,,,,,
Sayeret Givati ,Sayeret Givati ,סיירת גבעתי,,1983,2002,,,Sayeret Givati,Sayeret Givati,,,Infantry,South,Reconnaissance,,,,,,,"לקחי מלחמת לבנון הצורך בחטיבת חי""ר נוספת","הקמת גדס""ר גבעתי",,"אימצה את המורשת של שקד, וכמוה ביקשה להתמחות בפיקוד הדרום התמחות מיוחדת בעזה",דרום,"חי""ר",,,,,"אילן סופר, אייל שליין, עמית ווינר, דן שוורצפוקס, עמוס גולדמן, אסף שביט, אייל אייזנברג, רז שגיא, בועז זלמונביץ, מוני כץ, מני מוזס, אלדד פלד, טל חרמוני, עופר וינטר, חזי נחמה, גור שרייבמן, לירון ארוך, אמיר זיגדון, ירון סימסולו, חנן בוחבוט, מוטי חיים",,,,,
Sayeret Nahal,Sayeret Nahal,"פלס""ר צור בהמשך סיירת נח""ל",,1983,2002,,,Sayeret Nahal,Sayeret Nahal,,,Infantry,Center,Reconnaissance,,,,,,,,,,,,,,,,,,,,,,
Duchiphat Hoopoe Anti-Tank Company 94,Duchiphat Hoopoe Anti-Tank Company 94,"דוכיפת יחידת נ""ט/יחנ""ט 94",,1984,1992,,,Duchiphat Hoopoe Anti-Tank Company 94,Duchiphat Hoopoe Anti-Tank Company 94,,,ATM,Center,ATM,,,,,,,לקחי מלחמת יום הכיפורים,"מרד ביחידה בשל הפעלתה כיחידת בט""ש ולא נ""ט","נ""ט טאו","עם פרוץ האינתיפאדה הראשונה בט""ש",,בסיס ההדרכה של הצנחנים,,גדוד חיל רגלים ממוכן תחת פיקוד חטיבה 401 של חיל השריון,,,"עופר אילות, שרון דוידוביץ'",,,נמוכה,,
Givati Anti-Tank Company ,Givati Anti-Tank Company ,עורב גבעתי,,1984,2001,,,Givati Anti-Tank Company,Givati Anti-Tank Company,,,ATM,South,ATM,,,,,,,,,,,,,,,,,,,,,,
Givati Engineer Company,Givati Engineer Company,"פלחה""ן גבעתי",,1984,2002,,,Givati Engineer Company,Givati Engineer Company,,,Infantry,South,Engineering,,,,,,,,,,,,,,,,,,,,,,
General Staff Visual Intelligence Unit - Lebanon Company,General Staff Visual Intelligence Unit - Lebanon Company,"יחידת תצפיות מטכ""לית (ית""מ) פלוגה בלבנון",,1985,,,,General Staff Visual Intelligence Unit - Lebanon Company,General Staff Visual Intelligence Unit - Lebanon Company,,,Field Intelligence,North,Visint,Field Intelligence - Daniel Asher 141.jpg (https://dl.airtable.com/QlfCi3fjS66hqRdZ6Ymo_Field%20Intelligence%20-%20Daniel%20Asher%20141.jpg),,,,,,הצורך באיסוף מודיעיני ויזינטי בדרום לבנון,,,,,,,,,,,,,,,
Duvdevan 217,Duvdevan 217,דובדבן,,1986,,,,Duvdevan (Unit 217),Duvdevan (Unit 217),,,Regional,Center,CT,,,,,,,,,,,,,,,,,,,,,,
Maglan 212,Maglan 212,מגלן 212,,1986,,,,Maglan 212,Maglan 212,,,ATM,Center,ATGM,,,,,,,לקחי מלחמת יום הכיפורים,,"נ""ט",,,,,,,,,,,,,
Meitar 427,Meitar 427,מיתר,,1987,2017,,,Moran  427,Meitar 427,,,ATM,North,ATGM,,,,,,,,,,,,,,,,,,,,,,
Shimshon 367,Shimshon 367,שמשון,,1987,1996,,,Shimshon (Unit 367),Shimshon (Unit 367),,,Regional,South,CT,,,,,,,,,,,,,,,,,,,,,,
Israel Police Special Patrol Unit ,Israel Police Special Patrol Unit ,"יס""מ",,1988,,,,Israel Police Special Patrol Unit,Israel Police Special Patrol Unit,,,Police,Valleys,CT,,,,,,,,,הפרות סדר על רקע בטחוני או פלילי,,כלל ארצי,משטרת ישראל,"יל""ס, יחידות להשלטת סדר, מקבילה לסיירת מג""ב",,,שמעון קורן,,,,,,
Unit 7555,Unit 7555,יחידה 7555 נהיגה קרבית,,1988,,,,Unit 7555,,,,ATM,South,Combat Driving,,,,,,,,,,,,,,,,,,,,,,
LOTAR Eilat Counterterrirism (Res) 7707,LOTAR Eilat Counterterrirism (Res) 7707,"לוט""ר אילת",,1989,,,,LOTAR Eilat Counterterrirism (Res),LOTAR Eilat Counterterrirism (Res),,,Regional,South,CT,,,,,,,,,,,,,,,,,,,,,,
Gideon Sword Police 33 - Jerusalem District,Gideon Sword Police 33 - Jerusalem District,גדעונים יחידה 33,,1990,,,,Gideon Sword Police - Jerusalem District,Gideon Sword Police - Jerusalem District,,,Police,Jerusalem,,,,,,,,,,,,,,,,,,,,,,,
Military Police Force 100,Military Police Force 100,כוח 100,,1990,2006,,,Military Police Force 100,Military Police Force 100,,,Military Police,General,,,,,,,,,,"כוח התערבות מהירה, שיטור בבתי סוהר צבאיים","בזמן שגרה הצוות מסייע במשימות כגון ספירת אסירים, חיפוש בתאים לפי מודיעין - בקרב אסירים בטחוניים מסוכנים (מחבלים).",לפי מיקום מתקן הכליאה,משטרה צבאית,,,,,,,,,,
Yamas Aravah,Yamas Aravah,"ימ""ס ערבה בעבר עזה מסתערבים ",,1990,,,,Yamas Aravah,Yamas Aravah,,,Police,South,,,,,,,,,,צליפה מרדפים מוסקים,סיוע למשטרה מאבק בפשיעה - בתוך ישראל,דרום,"מג""ב כפיפות לצה""ל","השראה: שקד, זיקית, רימון",,,,,,,,,
Yamas Jerusalem,Yamas Jerusalem,"ימ""ס ירושלים מסתערבים ",,1990,,,,Yamas Jerusalem,Yamas Jerusalem,,,Police,Jerusalem,,,,,,,,,,פעילות מסוערבת,סיוע למשטרה מאבק בפשיעה - בתוך ישראל,"מזרח ירושלים, מחנות פליטים",,,,,,,,,,,
Counter-NBC and purifiers,Counter-NBC and purifiers,אנקור,,1991,,,,Counter-NBC and purifiers,Counter-NBC and purifiers,,,Engineering,Center,Reconnaissance,,,,,,,"במהלך מלחמת המפרץ קבלת נגמ""שי שועלית מגרמניה","החיילים שהפעילו את הנגמ""שים השתחררו ולא נותרו מפעילים בצבא","יחידת גו""ז",,"מטכ""לי",,,"התמזגה עם יהל""ם ב-2004",,,,,,,,
Nahal Anti-Tank Company ,Nahal Anti-Tank Company ,"פלנ""ט גזית - בהמשך עורב נח""ל",,1991,2001,,,Nahal Anti-Tank Company,Nahal Anti-Tank Company,,,ATM,Center,ATM,,,,,,,,,,,,,,,,,,,,,,
Yamas West Bank,Yamas West Bank,"ימ""ס איו""ש מסתערבים ",,1991,,Eli Avram,Abir 21,,,,,Police,,,,,,,,,האינתיפאדה הראשונה,,"בט""ש איסוף מודיעין, מעצרים, חיסולים וטיפול בהפרות סדר שונות",סיוע למשטרה מאבק בפשיעה - בתוך ישראל,גדה מערבית,"מג""ב כפיפות לצה""ל ולשב""כ","ימ""מ",,,אלי אברהם,,,,,Eli Avram,
Nahal Engineer Company,Nahal Engineer Company,"פלחה""ן ספיר נח""ל",,1992,,,,Nahal Engineer Company,Nahal Engineer Company,,,Infantry,Center,,,,,,,,,,,,,,,,,,,,,,,
Palsar 500 ,Palsar 500 ,"פלס""ר 500 בהמשך פלס""ר 401",,1992,2003,,,Palsar 500,Palsar 500,,,Armor,Center,Armor Reconnaissance,,,,,,,"עומס הפעילות על פלס""ר 7",,"תיחת תאי שטח לחטיבת השיריון, איסוף מודיעין, איתור איומים וביצוע משימות מיוחדות- רגליות ורכובות","בט""ש",,שריון,"פלס""ר 401, פלס""ר 7","פלס""ר 188",,,,,,,,
 Nitzan Target Field Intelligence Unit , Nitzan Target Field Intelligence Unit ,"יחידת מודיעין מטרות יחמ""מ",,1993,2000,,,Nitzan Target Field Intelligence Unit,Nitzan Target Field Intelligence Unit,,,Field Intelligence,North,Intelligence Field,,,,,,,מתן מודיעין בזמן-אמת לכוחות הפועלים והכוונת אש לעבר אויב בדרום לבנון,טמיעה בגדוד שחף 869 באוגדת הגליל,"ביצוע משימות מודיעין קרבי מיוחדות הכוללות ריגול ואיתור מחבלים, משת""פים ואמצעי לחימה של ארגוני הטרור, בניית בנק מטרות לעת חירום ומלחמה וכמו כן חיסול מטרות תוך הפעלת כוחות אש שונים בשימוש צה""ל.",,צפון,איסוף קרבי,,,,סגן-אלוף יוסי גרינפלד,,,,,,
Combat Engineering Reconnaissance Company 603,Combat Engineering Reconnaissance Company 603,"מחס""ר להב 603 ",,1993,,,,Combat Engineering Reconnaissance Company 603,Combat Engineering Reconnaissance Company 603,,,Engineering,North,,,,,,,,,,"סריקת שטח, איסוף מודיעין הנדסי","בט""ש",,הנדסה,,,,,,,,,,
Counter-NBC and  Company,Counter-NBC and  Company,אנקור,,1993,,,,Counter-NBC and  Company,Counter-NBC and  Company,,,Engineering,General,,,,,,,,לקחי מלחמת המפרץ,,"יחידת האב""כ הסדירה הראשונה בצה""ל",,,,,,,,,,,,,
Combat Engineering Reconnaissance Company 601,Combat Engineering Reconnaissance Company 601,"מחס""ר אסף 601 ",,1994,,,,Combat Engineering Reconnaissance Company 601,Combat Engineering Reconnaissance Company 601,,,Engineering,Center,Reconnaissance,,,,,,,,,"סריקת שטח, איסוף מודיעין הנדסי","בט""ש",,הנדסה,סיירת יעל,,,,,,,,,
Snowy Slope,Snowy Slope,מדרון מושלג,,1994,,,,Snowy Slope,Snowy Slope,,,Engineering,General,Hacking Unit,,,,,,,כשלון החילוץ של נחשון וקסמן,,פריצה חמה וקרה,,,,,,,,,,,,,
Egoz 621,Egoz 621,יחידת אגוז אנטי גרילה ולוחמה זעירה,Elite,1995,2015,,,Egoz Reconnaissance Unit,Egoz Reconnaissance Unit,,,Regional,North,Visint,,,,,,,המאבק עם חיזבאללה בדרום לבנון,,לוחמת אנטי גרילה בתוואי השטח של דרום לבנון,"בלוחמה בגזרת הר חרמון, בט""ש גדה מערבית ועזה",צפון,"חי""ר גלוני","סיירת אגוז, גולני",,, ארז צוקרמן, משה (צ'יקו) תמיר,,,,,
Yahalom Combat Engineering Unit for Special Operations,Yahalom Combat Engineering Unit for Special Operations,"יהל""ם יחידת הנדסה למשימות מיוחדות",Elite,1995,,,,Yahalom Combat Engineering Unit for Special Operations,Yahalom Combat Engineering Unit for Special Operations,,,Engineering,General,COIN,,,,,,,צורך ביחידת עלית של חיל ההנדסה שמשלבת תחומי התמחות,,"ביצוע הריסות מדויקות, חבלה בתשתיות האויב, הכנת מטענים ופצצות, טיפול בחומרי נפץ (כולל פיצוץ מדויק), נטרול מטעני חבלה, הנדסה ופריצה בים וביבשה, פינוי שדות מוקשים, איתור והשמדת סליקים, מעברים תת-קרקעיים ומנהרות הברחה ותופת, וביצוע שאר משימות מיוחדות.",,הנדסה,הנדסה,"יחס""פ וסיירת יעל",,,,,,,,,
 Target Field Intelligence Unit 5707, Target Field Intelligence Unit 5707,"גדוד נשר 5707 תצ""מ תצפית מטרות",,1996,2003,,,Battalion for Air Assignments (Shaldag) 5101,Battalion for Air Assignments (Shaldag) 5101,Command of the Special Air Forces,,Air force,Palamachim,BDA,,,,,,,,מיזוג עם שלדג,הערכת נזק של מתקפות אויר בזמן אמת ,,"כא""מ - כוחות אויר מיוחדים",אויר,,,,,,,,,,
"Matilan Border Patrol - intelligence, observation, interception, mobile warfare","Matilan Border Patrol - intelligence, observation, interception, mobile warfare","מתיל""ן ",,1996,,,,"Matilan Border Patrol - intelligence,observation,interception,mobile warfare","Matilan Border Patrol - intelligence,observation,interception,mobile warfare",,,Police,North,,,,,,,,,,"מארבים, תצפיות, יירוט ולוחמה ניידת. איסוף מודיעין מבצעי בתחומי פח""ע.",איסוף מודיעין מבצעי בתחום הפלילי,"רמון, ירושלים שפלה","מג""ב כפיפות לצה""ל ולשב""כ",מושווה ליחידת אגוז,,,,,,,,,
Visual Intelligence Battalion 1996,Visual Intelligence Battalion 1996,,,1996,,,,Visual Intelligence Battalion 1996,Visual Intelligence Battalion 1996,,,Field Intelligence,,SAM,,,,,,,,,,,,,,,,,,,,,,
Stinger Anti Aircraft Unit,Stinger Anti Aircraft Unit,ברקן,,1998,2012,,,Stinger Anti Aircraft Unit,Stinger Anti Aircraft Unit,,,,General,SAM,,,,,,,לקחי מלחמת המפרץ,,"יחידת האב""כ הסדירה השניה בצה""ל",,גוש דן,פיקוד העורף,,,,,,,,,,
Almagor,Almagor,,,2000,,,,Almagor,Almagor,,,Field Intelligence,North,Visint,,,,,,,,,,,,,,,,,,,,,,
The Nesher Eagle 414 ,The Nesher Eagle 414 ,פלוגה ייעודית גדוד נשר 414 הנודדת,,2000,,,,The Nesher (Eagle) 414,The Nesher (Eagle) 414,,,Field Intelligence,South,Visint,,,,,,,,,ויזינט - מודיעין קרבי,,רצועת עזה גבול מצרים,איסוף קרבי,,,,,,,,,,
The Netz Accipiter 636 ,The Netz Accipiter 636 ,פלוגת נץ 636 ,,2000,,,,The Nitzan 636,The Nitzan 636,,,Field Intelligence,Center,Visint,,,,,,,,,ויזינט - מודיעין קרבי,,גדה מערבית,איסוף קרבי,,,,,,,,,,
The Shahaf Seagull Battalion,The Shahaf Seagull Battalion,"שחף - פלגת יחמ""ם ב' ""פלגת מוביל"" מדלגת 869 שחף",,2000,,,,The Shahaf (Seagull) Battalion,The Shahaf (Seagull) Battalion,,,Field Intelligence,North,Visint,,,,,,,"הפיכת צס""מ ליחידה סדירה",מיזוג עם שחף,"ויזינט - מודיעין קרבי סגירת מעגלי אש, איתור מחבלים, משגרי קטיושות, מטרות תשתית וסיוע למערכות הגנה על גדודים שפועלים בשטח","איתור חדירות, איסוף מידע על היערכות חיזבאללה","צפון אוגדה 91 גבול סוריה, בעיקר לבנון",איסוף קרבי,ניצן,,,,,,,,,
Counter-NBC and purifiers (Res),Counter-NBC and purifiers (Res),,,2001,,,,Counter-NBC and purifiers (Res),Counter-NBC and purifiers (Res),,,Engineering,General,CBRN,,,,,,,,,,,,,,,,,,,,,,
Golani Reconnaissance Battalion 631,Golani Reconnaissance Battalion 631,"גדס""ר גולני",Elite,2001,2018,,,"Golani Engineering company,Reconnaisance Platoon Golani,Golani Anti-Tank Company 1977",Sayeret Golani,,,Infantry,North,Reconnaissance,,,,,,,פיקוד ושליטה משופרים החל מהפיקוד בזמן לחימה ועד להדרכה וללוגיסטיקה,,,"אגרוף לחימה איכותי נגד הטרור, תוך שילוב אמצעים שאינם קיימים בגדודי החי""ר הרגילים",,,,,,,,,,,,
Senior General Staff Security Unit,Senior General Staff Security Unit,"צה""ל אבטחת אישים",,2001,,,,Senior General Staff Security Unit,Senior General Staff Security Unit,,,,General,,,,,,,,,,,,,,,,,,,,,,,
Givati Reconnaissance Battalion (Gadsar),Givati Reconnaissance Battalion (Gadsar),"גדס""ר גבעתי גדוד שועלי שמשון",Elite,2002,,,,Givati Reconnaissance Battalion (Gadsar),Givati Reconnaissance Battalion (Gadsar),,,Infantry,South,Reconnaissance Battalion,,,,,,,פיקוד ושליטה משופרים החל מהפיקוד בזמן לחימה ועד להדרכה וללוגיסטיקה,,,"אגרוף לחימה איכותי נגד הטרור, תוך שילוב אמצעים שאינם קיימים בגדודי החי""ר הרגילים",,,,,,,"ון אשרוב, עופר וינטר, גיא ביטון, גור שרייבמן, חזי נחמה, אליעד מאור (מואטי)",,,,,
Nahal Reconnaissance Battalion (Gadsar),Nahal Reconnaissance Battalion (Gadsar),"גדס""ר נח""ל",Elite,2002,,,,Nahal Reconnaissance Battalion (Gadsar),Nahal Reconnaissance Battalion (Gadsar),,,Infantry,Center,Reconnaissance Battalion,,,,,,,פיקוד ושליטה משופרים החל מהפיקוד בזמן לחימה ועד להדרכה וללוגיסטיקה,,,"אגרוף לחימה איכותי נגד הטרור, תוך שילוב אמצעים שאינם קיימים בגדודי החי""ר הרגילים",,,,,,,,,,,,
Paratroopers Reconnaissance Battalion 5135,Paratroopers Reconnaissance Battalion 5135,"גדס""ר צנחנים 5135 גדוד שרף",Elite,2002,,,,Paratroopers Reconnaissance Battalion (Gadsar),Paratroopers Reconnaissance Battalion (Gadsar),,,Infantry,Center,Reconnaissance Battalion,,,,29.11,,,פיקוד ושליטה משופרים החל מהפיקוד בזמן לחימה ועד להדרכה וללוגיסטיקה,,"להוביל את חטיבות החי""ר במוכנות ללחימה הקונבנציונאלית ובלחימה היום יומית בשטחי איו""ש ואזח""ע.","אגרוף לחימה איכותי נגד הטרור, תוך שילוב אמצעים שאינם קיימים בגדודי החי""ר הרגילים",,"חי""ר",חטיבת הצנחנים,,,,,,,,,
Masada Prison Service,Masada Prison Service,מצדה,,2003,,,,Masada Prison Service,Masada Prison Service,,,Prison Service,,Intervention force,,,,,,,האינתיפאדה השנייה,,השתלטות על  התפרעויות ומהומות בבתי הכלא,"פעילות מסוערבת סיוע לימ""ס",כלל ארצי,"שב""ס",,,,,,,,,,
Samoor platoon,Samoor platoon,"סמו""ר סליקים ומנהרות",,2003,,,,Samoor platoon,Samoor platoon,,,Engineering,South,Caches and tunnels,,,,,,,הופעת המנהרות באיזור רצועת עזה ,,"איתור מנהרות, הריסתן, איתור סליקים, לוחמה בתווך תת קרקעי","בט""ש","עזה, ציר פילדלפי",הנדסה,צוות המנהרות שפעל באיזור עזה משנת 2002,"התמזגה עם יהל""ם ב-2004",,אביב חקאני ,"דימה שוורץ, ניר דרוקר",,מידת היוקרה של צוות המנהרות הראשון הייתה נמוכה ביותר והחיילם,,,
Counter-NBC and purifiers Battalion,Counter-NBC and purifiers Battalion,,,2005,,,,Counter-NBC and purifiers Battalion,Counter-NBC and purifiers Battalion,,,Engineering,South,CBRN,,,,,,,,,,,,,,,,,,,,,,
Israeli Police Border Reconnaisance - South,Israeli Police Border Reconnaisance - South,סיירת מגב דרום,,2008,,,,Israeli Police Border Reconnaisance - South,Israeli Police Border Reconnaisance - South,,,Police,South,COIN,,,,,,,,,,,,,,,,,,,,,,
Rimon 845,Rimon 845,סיירת רימון החדשה,,2010,2015,,,Granade Rimon,"""The 89th """"Oz"""" Brigade""",,,Regional,South,COIN,,,,,,,"מבצע עופרת יצוקה,  התערערות היציבות בגבול עם סיני",,"לחימה ברצועת עזה, ובחדירות המחבלים מחצי האי סיני בעומק הנגב, התמחות בלוחמה במדבר.","מיועדת לטפל באירועי פח""ע בגזרה הדרומית",דרום,"חי""ר",חטיבת גבעתי,,,"רס""ן בני, איש 669 ופלחה""ן גבעתי",,,היחידה פעלה לטפח תרבות ייחודית מיום הקמתה. זיקה ליחידת רימון המקורית אך שמירה על מרחק מזיהוי עמה.,,,
Unit Yanmam Airborne Anti Aircraft Unit,Unit Yanmam Airborne Anti Aircraft Unit,"ינמ""מ ",,2012,,,,Maglan 212,,,,Infantry,General,SAM,,,,,,,,,"הפעלת אמצעי נ""מ ניידים מעבר לקווי אויב לשם הגנה אווירית בזמן מינימלי ליחידות עומק",,,מערך ההגנה האווירית תחת כנף 168,עוצבת האש,,,,,,,,,
"The 89th ""Oz"" Brigade","The 89th ""Oz"" Brigade",,,2015,,,,"Rimon 845,Maglan 212,Egoz Reconnaissance Unit,Duvdevan (Unit 217)",,,,Infantry,,Commando,,,,,,,,,,,,,,,,,,,,,,
Sayeret Charuv 93,Sayeret Charuv 93,סיירת חרוב ,,2017,,,,Sayeret Haruv 484,,,,Regional,,,,,,,,,,,,,,,,,,,,,,,,
Sayeret Golani,Sayeret Golani,,,2018,,,,Golani Reconnaissance Battalion (Gadsar),,,,Infantry,North,Commando,,,,,,,,,,,,,,,,,,,,,,
124 Squadron Rolling Sword Squadron,124 Squadron Rolling Sword Squadron,טייסת החרב המתהפכת,,1958,,,,124 Squadron Rolling Sword Squadron,124 Squadron Rolling Sword Squadron,,,Air force,Tel Nof,Landing of forces,,,,,,,,,,,,,,,,,,,,,,